Pyrococcus horikoshii	1DJU
Pyrococcus horikoshii	1G2I
Pyrococcus horikoshii	1G8A
Pyrococcus horikoshii	1GD9
Pyrococcus horikoshii	1GDE
Pyrococcus horikoshii	1ILW
Pyrococcus horikoshii	1IM5
Pyrococcus horikoshii	1ION
Pyrococcus horikoshii	1IQ8
Pyrococcus horikoshii	1IQV
Pyrococcus horikoshii	1IRX
Pyrococcus horikoshii	1IT7
Pyrococcus horikoshii	1IT8
Pyrococcus horikoshii	1IU8
Pyrococcus horikoshii	1IU9
Pyrococcus horikoshii	1IXK
Pyrococcus horikoshii	1IXL
Pyrococcus horikoshii	1IZ6
Pyrococcus horikoshii	1J08
Pyrococcus horikoshii	1J0A
Pyrococcus horikoshii	1J0B
Pyrococcus horikoshii	1J2V
Pyrococcus horikoshii	1J31
Pyrococcus horikoshii	1J3A
Pyrococcus horikoshii	1JFL
Pyrococcus horikoshii	1KU5
Pyrococcus horikoshii	1L2L
Pyrococcus horikoshii	1LK5
Pyrococcus horikoshii	1LK7
Pyrococcus horikoshii	1RI7
Pyrococcus horikoshii	1U2X
Pyrococcus horikoshii	1UAX
Pyrococcus horikoshii	1UB9
Pyrococcus horikoshii	1UC2
Pyrococcus horikoshii	1UDD
Pyrococcus horikoshii	1UDE
Pyrococcus horikoshii	1UKU
Pyrococcus horikoshii	1ULY
Pyrococcus horikoshii	1UMJ
Pyrococcus horikoshii	1UZ5
Pyrococcus horikoshii	1V30
Pyrococcus horikoshii	1V33
Pyrococcus horikoshii	1V34
Pyrococcus horikoshii	1V3W
Pyrococcus horikoshii	1V3Z
Pyrococcus horikoshii	1V43
Pyrococcus horikoshii	1V4P
Pyrococcus horikoshii	1V5V
Pyrococcus horikoshii	1V67
Pyrococcus horikoshii	1V6T
Pyrococcus horikoshii	1V76
Pyrococcus horikoshii	1V77
Pyrococcus horikoshii	1V7L
Pyrococcus horikoshii	1V7O
Pyrococcus horikoshii	1V7R
Pyrococcus horikoshii	1V96
Pyrococcus horikoshii	1V9N
Pyrococcus horikoshii	1VAJ
Pyrococcus horikoshii	1VB5
Pyrococcus horikoshii	1VBK
Pyrococcus horikoshii	1VCE
Pyrococcus horikoshii	1VCI
Pyrococcus horikoshii	1VCT
Pyrococcus horikoshii	1VDM
Pyrococcus horikoshii	1VDW
Pyrococcus horikoshii	1VDX
Pyrococcus horikoshii	1VDZ
Pyrococcus horikoshii	1VE3
Pyrococcus horikoshii	1VFF
Pyrococcus horikoshii	1VGJ
Pyrococcus horikoshii	1W2I
Pyrococcus horikoshii	1WKB
Pyrococcus horikoshii	1WL8
Pyrococcus horikoshii	1WLS
Pyrococcus horikoshii	1WMI
Pyrococcus horikoshii	1WMM
Pyrococcus horikoshii	1WN1
Pyrococcus horikoshii	1WN2
Pyrococcus horikoshii	1WNF
Pyrococcus horikoshii	1WNG
Pyrococcus horikoshii	1WNL
Pyrococcus horikoshii	1WNU
Pyrococcus horikoshii	1WPY
Pyrococcus horikoshii	1WQ7
Pyrococcus horikoshii	1WQA
Pyrococcus horikoshii	1WQW
Pyrococcus horikoshii	1WR2
Pyrococcus horikoshii	1WR8
Pyrococcus horikoshii	1WU2
Pyrococcus horikoshii	1WU8
Pyrococcus horikoshii	1WW8
Pyrococcus horikoshii	1WWK
Pyrococcus horikoshii	1WWZ
Pyrococcus horikoshii	1WXO
Pyrococcus horikoshii	1WXQ
Pyrococcus horikoshii	1WY0
Pyrococcus horikoshii	1WY1
Pyrococcus horikoshii	1WY2
Pyrococcus horikoshii	1WY7
Pyrococcus horikoshii	1WZC
Pyrococcus horikoshii	1WZN
Pyrococcus horikoshii	1WZU
Pyrococcus horikoshii	1X01
Pyrococcus horikoshii	1X0M
Pyrococcus horikoshii	1X0T
Pyrococcus horikoshii	1X3L
Pyrococcus horikoshii	1X42
Pyrococcus horikoshii	1X54
Pyrococcus horikoshii	1X55
Pyrococcus horikoshii	1X56
Pyrococcus horikoshii	1XFO
Pyrococcus horikoshii	1Y0R
Pyrococcus horikoshii	1Y0Y
Pyrococcus horikoshii	1Y56
Pyrococcus horikoshii	1YE5
Pyrococcus horikoshii	1ZJJ
Pyrococcus horikoshii	2AS0
Pyrococcus horikoshii	2BJ3
Pyrococcus horikoshii	2BJ7
Pyrococcus horikoshii	2BJ8
Pyrococcus horikoshii	2BKN
Pyrococcus horikoshii	2BKO
Pyrococcus horikoshii	2BKP
Pyrococcus horikoshii	2CQZ
Pyrococcus horikoshii	2CSU
Pyrococcus horikoshii	2CU0
Pyrococcus horikoshii	2CUN
Pyrococcus horikoshii	2CVI
Pyrococcus horikoshii	2CWE
Pyrococcus horikoshii	2CWK
Pyrococcus horikoshii	2CWP
Pyrococcus horikoshii	2CWX
Pyrococcus horikoshii	2CXI
Pyrococcus horikoshii	2CXX
Pyrococcus horikoshii	2CYC
Pyrococcus horikoshii	2CYJ
Pyrococcus horikoshii	2CYY
Pyrococcus horikoshii	2CZ5
Pyrococcus horikoshii	2CZ9
Pyrococcus horikoshii	2CZC
Pyrococcus horikoshii	2CZD
Pyrococcus horikoshii	2CZE
Pyrococcus horikoshii	2CZF
Pyrococcus horikoshii	2CZG
Pyrococcus horikoshii	2CZV
Pyrococcus horikoshii	2CZW
Pyrococcus horikoshii	2D0I
Pyrococcus horikoshii	2D13
Pyrococcus horikoshii	2D16
Pyrococcus horikoshii	2D3K
Pyrococcus horikoshii	2D59
Pyrococcus horikoshii	2D5A
Pyrococcus horikoshii	2D5D
Pyrococcus horikoshii	2D62
Pyrococcus horikoshii	2D69
Pyrococcus horikoshii	2D7J
Pyrococcus horikoshii	2D7U
Pyrococcus horikoshii	2D8A
Pyrococcus horikoshii	2DB0
Pyrococcus horikoshii	2DBB
Pyrococcus horikoshii	2DBQ
Pyrococcus horikoshii	2DBR
Pyrococcus horikoshii	2DBZ
Pyrococcus horikoshii	2DC4
Pyrococcus horikoshii	2DCL
Pyrococcus horikoshii	2DDZ
Pyrococcus horikoshii	2DEC
Pyrococcus horikoshii	2DEI
Pyrococcus horikoshii	2DEJ
Pyrococcus horikoshii	2DEK
Pyrococcus horikoshii	2DEQ
Pyrococcus horikoshii	2DF8
Pyrococcus horikoshii	2DFV
Pyrococcus horikoshii	2DJ6
Pyrococcus horikoshii	2DJZ
Pyrococcus horikoshii	2DKG
Pyrococcus horikoshii	2DLA
Pyrococcus horikoshii	2DM9
Pyrococcus horikoshii	2DMA
Pyrococcus horikoshii	2DPL
Pyrococcus horikoshii	2DQ0
Pyrococcus horikoshii	2DR1
Pyrococcus horikoshii	2DR3
Pyrococcus horikoshii	2DRH
Pyrococcus horikoshii	2DRV
Pyrococcus horikoshii	2DSG
Pyrococcus horikoshii	2DSH
Pyrococcus horikoshii	2DSI
Pyrococcus horikoshii	2DT4
Pyrococcus horikoshii	2DTH
Pyrococcus horikoshii	2DTI
Pyrococcus horikoshii	2DTO
Pyrococcus horikoshii	2DTT
Pyrococcus horikoshii	2DUL
Pyrococcus horikoshii	2DUM
Pyrococcus horikoshii	2DV3
Pyrococcus horikoshii	2DV4
Pyrococcus horikoshii	2DV5
Pyrococcus horikoshii	2DV7
Pyrococcus horikoshii	2DVE
Pyrococcus horikoshii	2DVM
Pyrococcus horikoshii	2DVN
Pyrococcus horikoshii	2DVO
Pyrococcus horikoshii	2DVP
Pyrococcus horikoshii	2DWC
Pyrococcus horikoshii	2DX7
Pyrococcus horikoshii	2DXD
Pyrococcus horikoshii	2DXE
Pyrococcus horikoshii	2DXF
Pyrococcus horikoshii	2DXT
Pyrococcus horikoshii	2DXU
Pyrococcus horikoshii	2DXV
Pyrococcus horikoshii	2DXW
Pyrococcus horikoshii	2DXX
Pyrococcus horikoshii	2DY9
Pyrococcus horikoshii	2DYA
Pyrococcus horikoshii	2DYY
Pyrococcus horikoshii	2DZ9
Pyrococcus horikoshii	2DZC
Pyrococcus horikoshii	2E07
Pyrococcus horikoshii	2E08
Pyrococcus horikoshii	2E10
Pyrococcus horikoshii	2E15
Pyrococcus horikoshii	2E16
Pyrococcus horikoshii	2E17
Pyrococcus horikoshii	2E18
Pyrococcus horikoshii	2E1A
Pyrococcus horikoshii	2E1B
Pyrococcus horikoshii	2E1H
Pyrococcus horikoshii	2E3U
Pyrococcus horikoshii	2E41
Pyrococcus horikoshii	2E4N
Pyrococcus horikoshii	2E4R
Pyrococcus horikoshii	2E5F
Pyrococcus horikoshii	2E5W
Pyrococcus horikoshii	2E5X
Pyrococcus horikoshii	2E64
Pyrococcus horikoshii	2E65
Pyrococcus horikoshii	2E66
Pyrococcus horikoshii	2E6U
Pyrococcus horikoshii	2E7R
Pyrococcus horikoshii	2E87
Pyrococcus horikoshii	2E8G
Pyrococcus horikoshii	2E8H
Pyrococcus horikoshii	2E8Q
Pyrococcus horikoshii	2E8R
Pyrococcus horikoshii	2E8S
Pyrococcus horikoshii	2ED3
Pyrococcus horikoshii	2ED5
Pyrococcus horikoshii	2EEN
Pyrococcus horikoshii	2EEQ
Pyrococcus horikoshii	2EGB
Pyrococcus horikoshii	2EGL
Pyrococcus horikoshii	2EGS
Pyrococcus horikoshii	2EH2
Pyrococcus horikoshii	2EH4
Pyrococcus horikoshii	2EH5
Pyrococcus horikoshii	2EHC
Pyrococcus horikoshii	2EHL
Pyrococcus horikoshii	2EJF
Pyrococcus horikoshii	2EJG
Pyrococcus horikoshii	2EJJ
Pyrococcus horikoshii	2EJK
Pyrococcus horikoshii	2EJT
Pyrococcus horikoshii	2EJU
Pyrococcus horikoshii	2EJZ
Pyrococcus horikoshii	2EK2
Pyrococcus horikoshii	2EK3
Pyrococcus horikoshii	2EK4
Pyrococcus horikoshii	2EK7
Pyrococcus horikoshii	2EKA
Pyrococcus horikoshii	2EKD
Pyrococcus horikoshii	2EKN
Pyrococcus horikoshii	2EL0
Pyrococcus horikoshii	2EL1
Pyrococcus horikoshii	2EL2
Pyrococcus horikoshii	2EL3
Pyrococcus horikoshii	2ELD
Pyrococcus horikoshii	2ELE
Pyrococcus horikoshii	2EMR
Pyrococcus horikoshii	2EMU
Pyrococcus horikoshii	2EN5
Pyrococcus horikoshii	2ENI
Pyrococcus horikoshii	2EQ5
Pyrococcus horikoshii	2EVB
Pyrococcus horikoshii	2FKO
Pyrococcus horikoshii	2FYK
Pyrococcus horikoshii	2G8L
Pyrococcus horikoshii	2GAN
Pyrococcus horikoshii	2GFQ
Pyrococcus horikoshii	2GJU
Pyrococcus horikoshii	2HD9
Pyrococcus horikoshii	2HNI
Pyrococcus horikoshii	2HOQ
Pyrococcus horikoshii	2HOW
Pyrococcus horikoshii	2HQ4
Pyrococcus horikoshii	2HR8
Pyrococcus horikoshii	2HUN
Pyrococcus horikoshii	2HUQ
Pyrococcus horikoshii	2HUT
Pyrococcus horikoshii	2HUV
Pyrococcus horikoshii	2HUX
Pyrococcus horikoshii	2HVB
Pyrococcus horikoshii	2IT1
Pyrococcus horikoshii	2IT2
Pyrococcus horikoshii	2IT3
Pyrococcus horikoshii	2NWL
Pyrococcus horikoshii	2OM6
Pyrococcus horikoshii	2OWF
Pyrococcus horikoshii	2OWG
Pyrococcus horikoshii	2OWK
Pyrococcus horikoshii	2OWU
Pyrococcus horikoshii	2OWV
Pyrococcus horikoshii	2P2X
Pyrococcus horikoshii	2P5C
Pyrococcus horikoshii	2P5F
Pyrococcus horikoshii	2P62
Pyrococcus horikoshii	2P6D
Pyrococcus horikoshii	2P6I
Pyrococcus horikoshii	2P6K
Pyrococcus horikoshii	2P6L
Pyrococcus horikoshii	2P8T
Pyrococcus horikoshii	2P9D
Pyrococcus horikoshii	2P9X
Pyrococcus horikoshii	2PB4
Pyrococcus horikoshii	2PB5
Pyrococcus horikoshii	2PB6
Pyrococcus horikoshii	2PCA
Pyrococcus horikoshii	2PCG
Pyrococcus horikoshii	2PCH
Pyrococcus horikoshii	2PCI
Pyrococcus horikoshii	2PCK
Pyrococcus horikoshii	2PCM
Pyrococcus horikoshii	2PE3
Pyrococcus horikoshii	2PHC
Pyrococcus horikoshii	2R6V
Pyrococcus horikoshii	2W4D
Pyrococcus horikoshii	2WR8
Pyrococcus horikoshii	2WYR
Pyrococcus horikoshii	2WZN
Pyrococcus horikoshii	2X6Q
Pyrococcus horikoshii	2X6R
Pyrococcus horikoshii	2XA1
Pyrococcus horikoshii	2XA2
Pyrococcus horikoshii	2XA9
Pyrococcus horikoshii	2XMP
Pyrococcus horikoshii	2YTZ
Pyrococcus horikoshii	2YV4
Pyrococcus horikoshii	2YX0
Pyrococcus horikoshii	2YX6
Pyrococcus horikoshii	2YXL
Pyrococcus horikoshii	2YY3
Pyrococcus horikoshii	2YY8
Pyrococcus horikoshii	2YZI
Pyrococcus horikoshii	2YZQ
Pyrococcus horikoshii	2Z0T
Pyrococcus horikoshii	2Z4P
Pyrococcus horikoshii	2Z6R
Pyrococcus horikoshii	2Z7C
Pyrococcus horikoshii	2ZAE
Pyrococcus horikoshii	2ZBN
Pyrococcus horikoshii	2ZGW
Pyrococcus horikoshii	2ZKT
Pyrococcus horikoshii	2ZNY
Pyrococcus horikoshii	2ZNZ
Pyrococcus horikoshii	2ZOS
Pyrococcus horikoshii	2ZR2
Pyrococcus horikoshii	2ZSK
Pyrococcus horikoshii	2ZSU
Pyrococcus horikoshii	2ZTI
Pyrococcus horikoshii	2ZTS
Pyrococcus horikoshii	2ZU7
Pyrococcus horikoshii	2ZU8
Pyrococcus horikoshii	2ZU9
Pyrococcus horikoshii	2ZUM
Pyrococcus horikoshii	2ZUN
Pyrococcus horikoshii	2ZZE
Pyrococcus horikoshii	2ZZF
Pyrococcus horikoshii	3A1Y
Pyrococcus horikoshii	3A25
Pyrococcus horikoshii	3A26
Pyrococcus horikoshii	3A4I
Pyrococcus horikoshii	3ABI
Pyrococcus horikoshii	3AF5
Pyrococcus horikoshii	3AOV
Pyrococcus horikoshii	3AOW
Pyrococcus horikoshii	3ATH
Pyrococcus horikoshii	3AV7
Pyrococcus horikoshii	3AXX
Pyrococcus horikoshii	3BPP
Pyrococcus horikoshii	3BS4
Pyrococcus horikoshii	3CG3
Pyrococcus horikoshii	3D79
Pyrococcus horikoshii	3D7A
Pyrococcus horikoshii	3DDD
Pyrococcus horikoshii	3DRW
Pyrococcus horikoshii	3EWM
Pyrococcus horikoshii	3GBU
Pyrococcus horikoshii	3GQU
Pyrococcus horikoshii	3GQX
Pyrococcus horikoshii	3HPD
Pyrococcus horikoshii	3I4L
Pyrococcus horikoshii	3I72
Pyrococcus horikoshii	3I73
Pyrococcus horikoshii	3IGH
Pyrococcus horikoshii	3IH0
Pyrococcus horikoshii	3IKJ
Pyrococcus horikoshii	3K6R
Pyrococcus horikoshii	3KD9
Pyrococcus horikoshii	3LZC
Pyrococcus horikoshii	3LZD
Pyrococcus horikoshii	3M4Y
Pyrococcus horikoshii	3MFY
Pyrococcus horikoshii	3ND8
Pyrococcus horikoshii	3NPG
Pyrococcus horikoshii	3O59
Pyrococcus horikoshii	3P20
Pyrococcus horikoshii	3QG1
Pyrococcus horikoshii	3QHM
Pyrococcus horikoshii	3QHN
Pyrococcus horikoshii	3QHO
Pyrococcus horikoshii	3QIA
Pyrococcus horikoshii	3QJY
Pyrococcus horikoshii	3RFN
Pyrococcus horikoshii	3RHU
Pyrococcus horikoshii	3SDZ
Pyrococcus horikoshii	3SE0
Pyrococcus horikoshii	3TNV
Pyrococcus horikoshii	3U26
Pyrococcus horikoshii	3U4G
Pyrococcus horikoshii	3U54
Pyrococcus horikoshii	3U55
Pyrococcus horikoshii	3VIV
Pyrococcus horikoshii	3VRH
Pyrococcus horikoshii	3VU1
Pyrococcus horikoshii	3VVG
Pyrococcus horikoshii	3W6G
Pyrococcus horikoshii	3W6L
Pyrococcus horikoshii	3W6M
Pyrococcus horikoshii	3WE7
Pyrococcus horikoshii	3WG5
Pyrococcus horikoshii	3WL3
Pyrococcus horikoshii	3WWV
Pyrococcus horikoshii	3WX9
Pyrococcus horikoshii	3WY9
Pyrococcus horikoshii	3WYA
Pyrococcus horikoshii	3ZOC
Pyrococcus horikoshii	3ZOD
Pyrococcus horikoshii	3ZOG
Pyrococcus horikoshii	4DM1
Pyrococcus horikoshii	4DM2
Pyrococcus horikoshii	4DWQ
Pyrococcus horikoshii	4DWR
Pyrococcus horikoshii	4E2T
Pyrococcus horikoshii	4E2U
Pyrococcus horikoshii	4FFD
Pyrococcus horikoshii	4FIQ
Pyrococcus horikoshii	4FX9
Pyrococcus horikoshii	4HXE
Pyrococcus horikoshii	4HXF
Pyrococcus horikoshii	4HXG
Pyrococcus horikoshii	4ISJ
Pyrococcus horikoshii	4ISZ
Pyrococcus horikoshii	4IT0
Pyrococcus horikoshii	4N2P
Pyrococcus horikoshii	4NYO
Pyrococcus horikoshii	4NYP
Pyrococcus horikoshii	4O7L
Pyrococcus horikoshii	4O7N
Pyrococcus horikoshii	4O7R
Pyrococcus horikoshii	4O7S
Pyrococcus horikoshii	4O7T
Pyrococcus horikoshii	4O7V
Pyrococcus horikoshii	4O7W
Pyrococcus horikoshii	4O7Y
Pyrococcus horikoshii	4O7Z
Pyrococcus horikoshii	4O81
Pyrococcus horikoshii	4O82
Pyrococcus horikoshii	4O83
Pyrococcus horikoshii	4O84
Pyrococcus horikoshii	4O86
Pyrococcus horikoshii	4O89
Pyrococcus horikoshii	4R16
Pyrococcus horikoshii	4UZR
Pyrococcus horikoshii	4WJ0
Pyrococcus horikoshii	4XB1
Pyrococcus horikoshii	4XB2
Pyrococcus horikoshii	4YOR
Pyrococcus horikoshii	4YOT
Pyrococcus horikoshii	4YOU
Pyrococcus horikoshii	4ZK6
Pyrococcus horikoshii	5B2E
Pyrococcus horikoshii	5B2F
Pyrococcus horikoshii	5EQT
Pyrococcus horikoshii	5GSL
Pyrococcus horikoshii	5GU8
Pyrococcus horikoshii	5GU9
Pyrococcus horikoshii	5GUA
Pyrococcus horikoshii	5H4G
Pyrococcus horikoshii	5H4H
Pyrococcus horikoshii	5H7J
Pyrococcus horikoshii	5H7K
Pyrococcus horikoshii	5K7X
Pyrococcus horikoshii	5KTM
Pyrococcus horikoshii	5KTN
Pyrococcus horikoshii	5KTO
Pyrococcus horikoshii	5KTP
Pyrococcus horikoshii	5KTR
Pyrococcus horikoshii	5KTS
Pyrococcus horikoshii	5KTT
Pyrococcus horikoshii	5MKO
Pyrococcus horikoshii	5MKP
Pyrococcus horikoshii	5MKQ
Pyrococcus horikoshii	5O0I
Pyrococcus horikoshii	5O0J
Pyrococcus horikoshii	5WU7
Pyrococcus horikoshii	5X09
Pyrococcus horikoshii	5XBQ
Pyrococcus horikoshii	5XBR
Pyrococcus horikoshii	5YFJ
Pyrococcus horikoshii	5YFS
Pyrococcus horikoshii	5YFT
Pyrococcus horikoshii	5YFU
Pyrococcus horikoshii	5YFV
Pyrococcus horikoshii	5YFW
Pyrococcus horikoshii	5YFX
Pyrococcus horikoshii	5YG5
Pyrococcus horikoshii	5YG6
Pyrococcus horikoshii	5YG7
Pyrococcus horikoshii	5YG8
Pyrococcus horikoshii	5YG9
Pyrococcus horikoshii	5YGA
Pyrococcus horikoshii	5ZCY
Pyrococcus horikoshii	5ZVD
Pyrococcus horikoshii	5ZVE
Pyrococcus horikoshii	5ZVG
Pyrococcus horikoshii	5ZVH
Pyrococcus horikoshii	6A34
Pyrococcus horikoshii	6A35
Pyrococcus horikoshii	6BXK
Pyrococcus horikoshii	6BXL
Pyrococcus horikoshii	6ER7
Pyrococcus horikoshii	6EXR
Pyrococcus horikoshii	6F2F
Pyrococcus horikoshii	6F2H
Pyrococcus horikoshii	6HF6
Pyrococcus horikoshii	6IU1
Pyrococcus horikoshii	6K2E
Pyrococcus horikoshii	6M4B
Pyrococcus horikoshii	6NSO
Pyrococcus horikoshii	6NSU
Pyrococcus horikoshii	6OR8
Pyrococcus horikoshii	6ORA
Pyrococcus horikoshii	6Q3T
Pyrococcus horikoshii	6Q7N
Pyrococcus horikoshii	6Q7O
Pyrococcus horikoshii	6Q7P
Pyrococcus horikoshii	6Q7Q
Pyrococcus horikoshii	6Q7R
Pyrococcus horikoshii	6YPA
Pyrococcus horikoshii	7CMC
Pyrococcus horikoshii	7AHK
Methanocaldococcus jannaschii	1A76
Methanocaldococcus jannaschii	1A77
Methanocaldococcus jannaschii	1A79
Methanocaldococcus jannaschii	1B78
Methanocaldococcus jannaschii	1CJS
Methanocaldococcus jannaschii	1D3Y
Methanocaldococcus jannaschii	1DK4
Methanocaldococcus jannaschii	1DUS
Methanocaldococcus jannaschii	1EIF
Methanocaldococcus jannaschii	1EKE
Methanocaldococcus jannaschii	1F3O
Methanocaldococcus jannaschii	1F5S
Methanocaldococcus jannaschii	1F9A
Methanocaldococcus jannaschii	1FBN
Methanocaldococcus jannaschii	1FSZ
Methanocaldococcus jannaschii	1FWK
Methanocaldococcus jannaschii	1FWL
Methanocaldococcus jannaschii	1G0H
Methanocaldococcus jannaschii	1G0I
Methanocaldococcus jannaschii	1G61
Methanocaldococcus jannaschii	1G6H
Methanocaldococcus jannaschii	1G8S
Methanocaldococcus jannaschii	1G9X
Methanocaldococcus jannaschii	1GAJ
Methanocaldococcus jannaschii	1HYE
Methanocaldococcus jannaschii	1HYG
Methanocaldococcus jannaschii	1I2A
Methanocaldococcus jannaschii	1J97
Methanocaldococcus jannaschii	1JEO
Methanocaldococcus jannaschii	1KKH
Methanocaldococcus jannaschii	1KU9
Methanocaldococcus jannaschii	1L2T
Methanocaldococcus jannaschii	1L7M
Methanocaldococcus jannaschii	1L7N
Methanocaldococcus jannaschii	1L7O
Methanocaldococcus jannaschii	1L7P
Methanocaldococcus jannaschii	1LSS
Methanocaldococcus jannaschii	1MJH
Methanocaldococcus jannaschii	1MT1
Methanocaldococcus jannaschii	1N13
Methanocaldococcus jannaschii	1N2M
Methanocaldococcus jannaschii	1NH9
Methanocaldococcus jannaschii	1NVT
Methanocaldococcus jannaschii	1OGH
Methanocaldococcus jannaschii	1PKH
Methanocaldococcus jannaschii	1PKJ
Methanocaldococcus jannaschii	1PKK
Methanocaldococcus jannaschii	1PVW
Methanocaldococcus jannaschii	1PVY
Methanocaldococcus jannaschii	1QWG
Methanocaldococcus jannaschii	1RA4
Methanocaldococcus jannaschii	1S0U
Methanocaldococcus jannaschii	1S3L
Methanocaldococcus jannaschii	1S3M
Methanocaldococcus jannaschii	1S3N
Methanocaldococcus jannaschii	1SHS
Methanocaldococcus jannaschii	1SNN
Methanocaldococcus jannaschii	1T5J
Methanocaldococcus jannaschii	1TUF
Methanocaldococcus jannaschii	1TWI
Methanocaldococcus jannaschii	1U7D
Methanocaldococcus jannaschii	1U9Y
Methanocaldococcus jannaschii	1U9Z
Methanocaldococcus jannaschii	1VIS
Methanocaldococcus jannaschii	1W58
Methanocaldococcus jannaschii	1W59
Methanocaldococcus jannaschii	1W5A
Methanocaldococcus jannaschii	1W5B
Methanocaldococcus jannaschii	1XBI
Methanocaldococcus jannaschii	1XHK
Methanocaldococcus jannaschii	1YF2
Methanocaldococcus jannaschii	1YS4
Methanocaldococcus jannaschii	1ZH0
Methanocaldococcus jannaschii	1ZH6
Methanocaldococcus jannaschii	2AEU
Methanocaldococcus jannaschii	2AEV
Methanocaldococcus jannaschii	2AG6
Methanocaldococcus jannaschii	2APO
Methanocaldococcus jannaschii	2AZN
Methanocaldococcus jannaschii	2B0A
Methanocaldococcus jannaschii	2B0J
Methanocaldococcus jannaschii	2B8M
Methanocaldococcus jannaschii	2B98
Methanocaldococcus jannaschii	2B99
Methanocaldococcus jannaschii	2EB0
Methanocaldococcus jannaschii	2EFV
Methanocaldococcus jannaschii	2EIF
Methanocaldococcus jannaschii	2EJ9
Methanocaldococcus jannaschii	2EKY
Methanocaldococcus jannaschii	2EPI
Methanocaldococcus jannaschii	2F4N
Methanocaldococcus jannaschii	2H6R
Methanocaldococcus jannaschii	2HF8
Methanocaldococcus jannaschii	2HF9
Methanocaldococcus jannaschii	2HGZ
Methanocaldococcus jannaschii	2HMF
Methanocaldococcus jannaschii	2HXB
Methanocaldococcus jannaschii	2HXD
Methanocaldococcus jannaschii	2MJP
Methanocaldococcus jannaschii	2OGF
Methanocaldococcus jannaschii	2OSD
Methanocaldococcus jannaschii	2OSO
Methanocaldococcus jannaschii	2OYN
Methanocaldococcus jannaschii	2P5D
Methanocaldococcus jannaschii	2P9M
Methanocaldococcus jannaschii	2PA6
Methanocaldococcus jannaschii	2PHP
Methanocaldococcus jannaschii	2PKP
Methanocaldococcus jannaschii	2PXH
Methanocaldococcus jannaschii	2PZZ
Methanocaldococcus jannaschii	2QJG
Methanocaldococcus jannaschii	2QJH
Methanocaldococcus jannaschii	2QJI
Methanocaldococcus jannaschii	2QQC
Methanocaldococcus jannaschii	2QQD
Methanocaldococcus jannaschii	2QTD
Methanocaldococcus jannaschii	2QTX
Methanocaldococcus jannaschii	2QV6
Methanocaldococcus jannaschii	2R7K
Methanocaldococcus jannaschii	2R7L
Methanocaldococcus jannaschii	2R7M
Methanocaldococcus jannaschii	2R7N
Methanocaldococcus jannaschii	2VAP
Methanocaldococcus jannaschii	2WJG
Methanocaldococcus jannaschii	2WJH
Methanocaldococcus jannaschii	2WJI
Methanocaldococcus jannaschii	2WJJ
Methanocaldococcus jannaschii	2X06
Methanocaldococcus jannaschii	2YV1
Methanocaldococcus jannaschii	2YWJ
Methanocaldococcus jannaschii	2YWW
Methanocaldococcus jannaschii	2YWX
Methanocaldococcus jannaschii	2YX1
Methanocaldococcus jannaschii	2YX5
Methanocaldococcus jannaschii	2YXD
Methanocaldococcus jannaschii	2YXE
Methanocaldococcus jannaschii	2YXG
Methanocaldococcus jannaschii	2YYY
Methanocaldococcus jannaschii	2YZL
Methanocaldococcus jannaschii	2YZR
Methanocaldococcus jannaschii	2Z02
Methanocaldococcus jannaschii	2Z2U
Methanocaldococcus jannaschii	2ZP1
Methanocaldococcus jannaschii	2ZV3
Methanocaldococcus jannaschii	3A27
Methanocaldococcus jannaschii	3A4L
Methanocaldococcus jannaschii	3A4M
Methanocaldococcus jannaschii	3A4N
Methanocaldococcus jannaschii	3A4T
Methanocaldococcus jannaschii	3AI9
Methanocaldococcus jannaschii	3AIA
Methanocaldococcus jannaschii	3AJD
Methanocaldococcus jannaschii	3AUX
Methanocaldococcus jannaschii	3AUY
Methanocaldococcus jannaschii	3BBD
Methanocaldococcus jannaschii	3BBE
Methanocaldococcus jannaschii	3BBH
Methanocaldococcus jannaschii	3BJO
Methanocaldococcus jannaschii	3BPQ
Methanocaldococcus jannaschii	3C1M
Methanocaldococcus jannaschii	3C1N
Methanocaldococcus jannaschii	3C20
Methanocaldococcus jannaschii	3CFZ
Methanocaldococcus jannaschii	3CPQ
Methanocaldococcus jannaschii	3D6U
Methanocaldococcus jannaschii	3D6V
Methanocaldococcus jannaschii	3D7I
Methanocaldococcus jannaschii	3DAF
Methanocaldococcus jannaschii	3DAG
Methanocaldococcus jannaschii	3DM3
Methanocaldococcus jannaschii	3EN9
Methanocaldococcus jannaschii	3EO4
Methanocaldococcus jannaschii	3EWG
Methanocaldococcus jannaschii	3F46
Methanocaldococcus jannaschii	3F47
Methanocaldococcus jannaschii	3F9T
Methanocaldococcus jannaschii	3FHF
Methanocaldococcus jannaschii	3FYC
Methanocaldococcus jannaschii	3FYD
Methanocaldococcus jannaschii	3GF0
Methanocaldococcus jannaschii	3GIA
Methanocaldococcus jannaschii	3GMI
Methanocaldococcus jannaschii	3GRR
Methanocaldococcus jannaschii	3GRU
Methanocaldococcus jannaschii	3GRV
Methanocaldococcus jannaschii	3GRY
Methanocaldococcus jannaschii	3H43
Methanocaldococcus jannaschii	3H65
Methanocaldococcus jannaschii	3H92
Methanocaldococcus jannaschii	3I8O
Methanocaldococcus jannaschii	3IXQ
Methanocaldococcus jannaschii	3JSY
Methanocaldococcus jannaschii	3K32
Methanocaldococcus jannaschii	3K4O
Methanocaldococcus jannaschii	3K4Y
Methanocaldococcus jannaschii	3K52
Methanocaldococcus jannaschii	3K56
Methanocaldococcus jannaschii	3KH5
Methanocaldococcus jannaschii	3KPB
Methanocaldococcus jannaschii	3KPC
Methanocaldococcus jannaschii	3KPD
Methanocaldococcus jannaschii	3L0Z
Methanocaldococcus jannaschii	3LFZ
Methanocaldococcus jannaschii	3LHK
Methanocaldococcus jannaschii	3LPE
Methanocaldococcus jannaschii	3MGJ
Methanocaldococcus jannaschii	3N2Y
Methanocaldococcus jannaschii	3NEK
Methanocaldococcus jannaschii	3PAF
Methanocaldococcus jannaschii	3PQA
Methanocaldococcus jannaschii	3PR9
Methanocaldococcus jannaschii	3PRA
Methanocaldococcus jannaschii	3PRB
Methanocaldococcus jannaschii	3Q4N
Methanocaldococcus jannaschii	3Q4O
Methanocaldococcus jannaschii	3Q4Q
Methanocaldococcus jannaschii	3Q4R
Methanocaldococcus jannaschii	3QE4
Methanocaldococcus jannaschii	3RHD
Methanocaldococcus jannaschii	3RSB
Methanocaldococcus jannaschii	3S4L
Methanocaldococcus jannaschii	3T7Z
Methanocaldococcus jannaschii	3TIF
Methanocaldococcus jannaschii	3UG7
Methanocaldococcus jannaschii	3V5U
Methanocaldococcus jannaschii	3VBA
Methanocaldococcus jannaschii	3WB0
Methanocaldococcus jannaschii	3WB1
Methanocaldococcus jannaschii	3WB2
Methanocaldococcus jannaschii	3WKR
Methanocaldococcus jannaschii	3WQO
Methanocaldococcus jannaschii	3WSD
Methanocaldococcus jannaschii	3WSE
Methanocaldococcus jannaschii	3WSF
Methanocaldococcus jannaschii	3WSG
Methanocaldococcus jannaschii	3WSH
Methanocaldococcus jannaschii	3WSI
Methanocaldococcus jannaschii	3WVA
Methanocaldococcus jannaschii	3WVB
Methanocaldococcus jannaschii	3WVC
Methanocaldococcus jannaschii	4BHD
Methanocaldococcus jannaschii	4EGW
Methanocaldococcus jannaschii	4EKN
Methanocaldococcus jannaschii	4ELD
Methanocaldococcus jannaschii	4HJR
Methanocaldococcus jannaschii	4HK4
Methanocaldococcus jannaschii	4HPW
Methanocaldococcus jannaschii	4I88
Methanocaldococcus jannaschii	4IWG
Methanocaldococcus jannaschii	4IWM
Methanocaldococcus jannaschii	4JIX
Methanocaldococcus jannaschii	4KP1
Methanocaldococcus jannaschii	4KP2
Methanocaldococcus jannaschii	4LQ4
Methanocaldococcus jannaschii	4LUI
Methanocaldococcus jannaschii	4LUJ
Methanocaldococcus jannaschii	4MO0
Methanocaldococcus jannaschii	4ND6
Methanocaldococcus jannaschii	4ND7
Methanocaldococcus jannaschii	4NDA
Methanocaldococcus jannaschii	4NEQ
Methanocaldococcus jannaschii	4NES
Methanocaldococcus jannaschii	4NQY
Methanocaldococcus jannaschii	4NX2
Methanocaldococcus jannaschii	4PBR
Methanocaldococcus jannaschii	4PBS
Methanocaldococcus jannaschii	4PBT
Methanocaldococcus jannaschii	4QHF
Methanocaldococcus jannaschii	4QHG
Methanocaldococcus jannaschii	4QHI
Methanocaldococcus jannaschii	4QHJ
Methanocaldococcus jannaschii	4RC1
Methanocaldococcus jannaschii	4RFL
Methanocaldococcus jannaschii	4RGQ
Methanocaldococcus jannaschii	4RGV
Methanocaldococcus jannaschii	4RRF
Methanocaldococcus jannaschii	4RRG
Methanocaldococcus jannaschii	4U9P
Methanocaldococcus jannaschii	4WIA
Methanocaldococcus jannaschii	4X9C
Methanocaldococcus jannaschii	4X9D
Methanocaldococcus jannaschii	4Y4M
Methanocaldococcus jannaschii	4YT2
Methanocaldococcus jannaschii	4YT4
Methanocaldococcus jannaschii	4YT5
Methanocaldococcus jannaschii	4YT8
Methanocaldococcus jannaschii	4YTE
Methanocaldococcus jannaschii	4ZN1
Methanocaldococcus jannaschii	4ZN3
Methanocaldococcus jannaschii	5COL
Methanocaldococcus jannaschii	5D4T
Methanocaldococcus jannaschii	5D4U
Methanocaldococcus jannaschii	5D4V
Methanocaldococcus jannaschii	5D5O
Methanocaldococcus jannaschii	5D5Q
Methanocaldococcus jannaschii	5D5T
Methanocaldococcus jannaschii	5DNI
Methanocaldococcus jannaschii	5DY9
Methanocaldococcus jannaschii	5G5S
Methanocaldococcus jannaschii	5HWX
Methanocaldococcus jannaschii	5HWY
Methanocaldococcus jannaschii	5HXC
Methanocaldococcus jannaschii	5HXE
Methanocaldococcus jannaschii	5HXH
Methanocaldococcus jannaschii	5HXR
Methanocaldococcus jannaschii	5HXS
Methanocaldococcus jannaschii	5HYA
Methanocaldococcus jannaschii	5JDF
Methanocaldococcus jannaschii	5JDG
Methanocaldococcus jannaschii	5JDH
Methanocaldococcus jannaschii	5JDL
Methanocaldococcus jannaschii	5JDM
Methanocaldococcus jannaschii	5JDN
Methanocaldococcus jannaschii	5JDQ
Methanocaldococcus jannaschii	5L7P
Methanocaldococcus jannaschii	5L8X
Methanocaldococcus jannaschii	5N5U
Methanocaldococcus jannaschii	5N5V
Methanocaldococcus jannaschii	5NSF
Methanocaldococcus jannaschii	5O9J
Methanocaldococcus jannaschii	5OD2
Methanocaldococcus jannaschii	5YA6
Methanocaldococcus jannaschii	5YI6
Methanocaldococcus jannaschii	6DJT
Methanocaldococcus jannaschii	6H1W
Methanocaldococcus jannaschii	6HUX
Methanocaldococcus jannaschii	6JP9
Methanocaldococcus jannaschii	6JY1
Methanocaldococcus jannaschii	6M8V
Methanocaldococcus jannaschii	6PE3
Methanocaldococcus jannaschii	6PEU
Methanocaldococcus jannaschii	6PT8
Methanocaldococcus jannaschii	6PTF
Methanocaldococcus jannaschii	6PU6
Methanocaldococcus jannaschii	6WRK
Methanocaldococcus jannaschii	6WRN
Methanocaldococcus jannaschii	6WRQ
Methanocaldococcus jannaschii	6WRT
Methanocaldococcus jannaschii	6ZHK
Methanocaldococcus jannaschii	6LDR
Methanocaldococcus jannaschii	6LDS
Methanocaldococcus jannaschii	6LDT
Methanocaldococcus jannaschii	6M4Y
Methanocaldococcus jannaschii	1GO3
Methanocaldococcus jannaschii	1H72
Methanocaldococcus jannaschii	1H73
Methanocaldococcus jannaschii	1H74
Methanocaldococcus jannaschii	2C49
Methanocaldococcus jannaschii	2C4E
Methanocaldococcus jannaschii	2J9C
Methanocaldococcus jannaschii	2J9D
Methanocaldococcus jannaschii	2J9E
Methanocaldococcus jannaschii	2RGW
Methanocaldococcus jannaschii	2VBT
Methanocaldococcus jannaschii	2VBU
Methanocaldococcus jannaschii	2VBV
Methanocaldococcus jannaschii	2Z61
Methanocaldococcus jannaschii	2Z8U
Methanocaldococcus jannaschii	4HJX
Geobacillus sp. HTA-462	2EBB
Geobacillus sp. HTA-462	2EEY
Geobacillus sp. HTA-462	2EGG
Geobacillus sp. HTA-462	2EGU
Geobacillus sp. HTA-462	2EJ5
Geobacillus sp. HTA-462	2EMQ
Geobacillus sp. HTA-462	2FCO
Geobacillus sp. HTA-462	2IC7
Geobacillus sp. HTA-462	2IEX
Geobacillus sp. HTA-462	2OEJ
Geobacillus sp. HTA-462	2OEK
Geobacillus sp. HTA-462	2OEL
Geobacillus sp. HTA-462	2OEM
Geobacillus sp. HTA-462	2P17
Geobacillus sp. HTA-462	2P2O
Geobacillus sp. HTA-462	2PBP
Geobacillus sp. HTA-462	2PBY
Geobacillus sp. HTA-462	2PCN
Geobacillus sp. HTA-462	2PCS
Geobacillus sp. HTA-462	2PG0
Geobacillus sp. HTA-462	2PPY
Geobacillus sp. HTA-462	2PQ0
Geobacillus sp. HTA-462	2QQ3
Geobacillus sp. HTA-462	2QYH
Geobacillus sp. HTA-462	2R5X
Geobacillus sp. HTA-462	2V7Y
Geobacillus sp. HTA-462	2VN2
Geobacillus sp. HTA-462	2W58
Geobacillus sp. HTA-462	2YR1
Geobacillus sp. HTA-462	2YRW
Geobacillus sp. HTA-462	2YRX
Geobacillus sp. HTA-462	2YS6
Geobacillus sp. HTA-462	2YS7
Geobacillus sp. HTA-462	2YWI
Geobacillus sp. HTA-462	2YWV
Geobacillus sp. HTA-462	2YXY
Geobacillus sp. HTA-462	2YYT
Geobacillus sp. HTA-462	2YYU
Geobacillus sp. HTA-462	2Z01
Geobacillus sp. HTA-462	3AAL
Geobacillus sp. HTA-462	3AV3
Geobacillus sp. HTA-462	3GR7
Geobacillus sp. HTA-462	3GR8
Geobacillus sp. HTA-462	3HJ7
Geobacillus sp. HTA-462	3OJG
Geobacillus sp. HTA-462	3ORW
Geobacillus sp. HTA-462	3TN3
Geobacillus sp. HTA-462	3TN4
Geobacillus sp. HTA-462	3TN5
Geobacillus sp. HTA-462	3TN6
Geobacillus sp. HTA-462	3TNB
Geobacillus sp. HTA-462	3VNP
Geobacillus sp. HTA-462	3WI9
Geobacillus sp. HTA-462	3WIA
Geobacillus sp. HTA-462	4H9T
Geobacillus sp. HTA-462	4H9U
Geobacillus sp. HTA-462	4H9V
Geobacillus sp. HTA-462	4H9X
Geobacillus sp. HTA-462	4H9Y
Geobacillus sp. HTA-462	4H9Z
Geobacillus sp. HTA-462	4HA0
Geobacillus sp. HTA-462	4HR0
Geobacillus sp. HTA-462	4HR4
Geobacillus sp. HTA-462	4HR5
Geobacillus sp. HTA-462	4IKV
Geobacillus sp. HTA-462	4IKW
Geobacillus sp. HTA-462	4IKX
Geobacillus sp. HTA-462	4IKY
Geobacillus sp. HTA-462	4IKZ
Geobacillus sp. HTA-462	4NAE
Geobacillus sp. HTA-462	4NAF
Geobacillus sp. HTA-462	4O8W
Geobacillus sp. HTA-462	4R1O
Geobacillus sp. HTA-462	4R1P
Geobacillus sp. HTA-462	4R1Q
Geobacillus sp. HTA-462	4RVC
Geobacillus sp. HTA-462	4WVX
Geobacillus sp. HTA-462	4WXY
Geobacillus sp. HTA-462	4WXZ
Geobacillus sp. HTA-462	4WY0
Geobacillus sp. HTA-462	4XB9
Geobacillus sp. HTA-462	4XBV
Geobacillus sp. HTA-462	4XBW
Geobacillus sp. HTA-462	4YSH
Geobacillus sp. HTA-462	5CH9
Geobacillus sp. HTA-462	5DCO
Geobacillus sp. HTA-462	5DCR
Geobacillus sp. HTA-462	5DCS
Geobacillus sp. HTA-462	5EKB
Geobacillus sp. HTA-462	5OMJ
Geobacillus sp. HTA-462	5OMK
Geobacillus sp. HTA-462	6F65
Geobacillus sp. HTA-462	6F6B
Geobacillus sp. HTA-462	6F6C
Geobacillus sp. HTA-462	6F6E
Geobacillus sp. HTA-462	6F6F
Geobacillus sp. HTA-462	6F6G
Geobacillus sp. HTA-462	6F6H
Geobacillus sp. HTA-462	6F6K
Geobacillus sp. HTA-462	6F6L
Geobacillus sp. HTA-462	6F6M
Geobacillus sp. HTA-462	6I90
Geobacillus sp. HTA-462	6I92
Geobacillus sp. HTA-462	6I93
Geobacillus sp. HTA-462	6I94
Geobacillus sp. HTA-462	6I95
Geobacillus sp. HTA-462	6JSS
Geobacillus sp. HTA-462	6JST
Geobacillus sp. HTA-462	6JSU
Geobacillus sp. HTA-462	6QJV
Geobacillus sp. HTA-462	6QK0
Geobacillus sp. HTA-462	6QK1
Geobacillus sp. HTA-462	6QK2
Pyrococcus abyssi	1H64
Pyrococcus abyssi	1KJZ
Pyrococcus abyssi	1KK0
Pyrococcus abyssi	1KK1
Pyrococcus abyssi	1KK2
Pyrococcus abyssi	1KK3
Pyrococcus abyssi	1MKH
Pyrococcus abyssi	1ML4
Pyrococcus abyssi	1PXW
Pyrococcus abyssi	1RQG
Pyrococcus abyssi	1Y2Q
Pyrococcus abyssi	1YK4
Pyrococcus abyssi	1YK5
Pyrococcus abyssi	1YR6
Pyrococcus abyssi	1YR7
Pyrococcus abyssi	1YR8
Pyrococcus abyssi	1YR9
Pyrococcus abyssi	1YRA
Pyrococcus abyssi	1YRB
Pyrococcus abyssi	1YZ7
Pyrococcus abyssi	2AUS
Pyrococcus abyssi	2BFW
Pyrococcus abyssi	2BIS
Pyrococcus abyssi	2HKZ
Pyrococcus abyssi	2HL0
Pyrococcus abyssi	2HL1
Pyrococcus abyssi	2HL2
Pyrococcus abyssi	2IVN
Pyrococcus abyssi	2IVO
Pyrococcus abyssi	2IVP
Pyrococcus abyssi	2JJQ
Pyrococcus abyssi	2OXR
Pyrococcus abyssi	2P38
Pyrococcus abyssi	2PNZ
Pyrococcus abyssi	2PO0
Pyrococcus abyssi	2PO2
Pyrococcus abyssi	2PYA
Pyrococcus abyssi	2QEN
Pyrococcus abyssi	2QMI
Pyrococcus abyssi	2V7F
Pyrococcus abyssi	2V94
Pyrococcus abyssi	2VLD
Pyrococcus abyssi	2VS1
Pyrococcus abyssi	2VUG
Pyrococcus abyssi	3BK7
Pyrococcus abyssi	3FRO
Pyrococcus abyssi	3IVZ
Pyrococcus abyssi	3IW3
Pyrococcus abyssi	3KI8
Pyrococcus abyssi	3KLC
Pyrococcus abyssi	3L01
Pyrococcus abyssi	3LGA
Pyrococcus abyssi	3LHD
Pyrococcus abyssi	3MB5
Pyrococcus abyssi	3P8T
Pyrococcus abyssi	3P8V
Pyrococcus abyssi	3P8Y
Pyrococcus abyssi	3PD2
Pyrococcus abyssi	3PD3
Pyrococcus abyssi	3PD4
Pyrococcus abyssi	3PD5
Pyrococcus abyssi	3REU
Pyrococcus abyssi	3REX
Pyrococcus abyssi	3RL6
Pyrococcus abyssi	4A8E
Pyrococcus abyssi	4CVN
Pyrococcus abyssi	4CW7
Pyrococcus abyssi	4HR1
Pyrococcus abyssi	4JIU
Pyrococcus abyssi	4MNO
Pyrococcus abyssi	4RRQ
Pyrococcus abyssi	4RRR
Pyrococcus abyssi	4S02
Pyrococcus abyssi	4S03
Pyrococcus abyssi	4S0I
Pyrococcus abyssi	4S0J
Pyrococcus abyssi	4S0K
Pyrococcus abyssi	4S0L
Pyrococcus abyssi	5HJI
Pyrococcus abyssi	5HJJ
Pyrococcus abyssi	5HJK
Pyrococcus abyssi	5HJM
Pyrococcus abyssi	5IHE
Pyrococcus abyssi	5IJL
Pyrococcus abyssi	6F87
Pyrococcus abyssi	6F89
Pyrococcus abyssi	6F8Y
Pyrococcus abyssi	6HMF
Pyrococcus abyssi	6RPP
Pyrococcus abyssi	6T7X
Pyrococcus abyssi	6T7Y
Methanopyrus kandleri	1E6V
Methanopyrus kandleri	1EZW
Methanopyrus kandleri	1F1E
Methanopyrus kandleri	1FTR
Methanopyrus kandleri	1GPJ
Methanopyrus kandleri	1QLM
Methanopyrus kandleri	1QV9
Methanopyrus kandleri	1U6I
Methanopyrus kandleri	1U6J
Methanopyrus kandleri	1U6K
Methanopyrus kandleri	2CSB
Methanopyrus kandleri	2CSD
Methanopyrus kandleri	2FHJ
Methanopyrus kandleri	2FHK
Methanopyrus kandleri	2IEC
Methanopyrus kandleri	2QYA
Methanopyrus kandleri	2X7M
Methanopyrus kandleri	3C19
Methanopyrus kandleri	3F8T
Methanopyrus kandleri	3G8Q
Methanopyrus kandleri	3IQE
Methanopyrus kandleri	3IQF
Methanopyrus kandleri	3IQZ
Methanopyrus kandleri	3M6K
Methanopyrus kandleri	3M6Z
Methanopyrus kandleri	3M7D
Methanopyrus kandleri	3M7G
Methanopyrus kandleri	4BG8
Methanopyrus kandleri	4BG9
Methanopyrus kandleri	4BGA
Methanopyrus kandleri	4BGB
Methanopyrus kandleri	4GFJ
Methanopyrus kandleri	4N0L
Methanopyrus kandleri	4WA8
Methanopyrus kandleri	5D88
Methanopyrus kandleri	5HM5
Methanopyrus kandleri	5X89
Methanopyrus kandleri	6CI7
Methanopyrus kandleri	6CIB
Shewanella loihica	2GPI
Shewanella loihica	2PRX
Shewanella loihica	2Q3L
Shewanella loihica	2RIL
Shewanella loihica	3BHN
Shewanella loihica	3DCX
Shewanella loihica	3GZI
Shewanella loihica	3IIC
Shewanella loihica	3KY8
Shewanella loihica	3NT6
Shewanella loihica	3NTA
Shewanella loihica	3NTD
Shewanella loihica	3O0L
Shewanella loihica	3PPB
Shewanella loihica	4O7M
Shewanella loihica	4OA4
Shewanella loihica	4OCG
Shewanella loihica	4WR2
Shewanella loihica	5X8Z
Shewanella loihica	5X9I
Methanothermococcus thermolithotrophicus	5N1Q
Methanothermococcus thermolithotrophicus	5ODC
Methanothermococcus thermolithotrophicus	5ODH
Methanothermococcus thermolithotrophicus	5ODI
Methanothermococcus thermolithotrophicus	5ODQ
Methanothermococcus thermolithotrophicus	5ODR
Methanothermococcus thermolithotrophicus	6ESQ
Methanothermococcus thermolithotrophicus	6ET9
Methanothermococcus thermolithotrophicus	6FRM
Methanothermococcus thermolithotrophicus	6FRN
Methanothermococcus thermolithotrophicus	6HF7
Methanothermococcus thermolithotrophicus	6HK1
Methanothermococcus thermolithotrophicus	6HR7
Methanothermococcus thermolithotrophicus	6HR8
Methanothermococcus thermolithotrophicus	6ZK8
Methanothermococcus thermolithotrophicus	6ZLF
Methanothermococcus thermolithotrophicus	1DWU
Thermococcus thioreducens	3DA5
Thermococcus thioreducens	3E19
Thermococcus thioreducens	3I98
Thermococcus thioreducens	3Q46
Thermococcus thioreducens	3Q4W
Thermococcus thioreducens	3Q5V
Thermococcus thioreducens	3R5U
Thermococcus thioreducens	3R5V
Thermococcus thioreducens	3R6E
Thermococcus thioreducens	5TW0
Thermococcus thioreducens	5TXW
Thermococcus thioreducens	5UCQ
Thermococcus thioreducens	6C75
Thermococcus thioreducens	6C76
Thermococcus thioreducens	6C7L
Thermococcus thioreducens	6IAH
Oceanobacillus iheyensis	2OQY
Oceanobacillus iheyensis	3D0C
Oceanobacillus iheyensis	3ES7
Oceanobacillus iheyensis	3ES8
Oceanobacillus iheyensis	3FYY
Oceanobacillus iheyensis	3GD6
Oceanobacillus iheyensis	3HPF
Oceanobacillus iheyensis	3LEZ
Oceanobacillus iheyensis	5FUD
Oceanobacillus iheyensis	5L9K
Oceanobacillus iheyensis	5L9Q
Oceanobacillus iheyensis	5LAU
Oceanobacillus iheyensis	5LBP
Oceanobacillus iheyensis	5LCC
Persephonella marina	4MCW
Persephonella marina	4MDZ
Persephonella marina	4ME4
Persephonella marina	6EKI
Persephonella marina	6IM0
Persephonella marina	6IM1
Persephonella marina	6IM3
Photobacterium profundum	3R87
Photobacterium profundum	4I45
Photobacterium profundum	4K46
Photobacterium profundum	5DGQ
Photobacterium profundum	5DGR
Photobacterium profundum	5HPJ
Idiomarina loihiensis	2QSD
Idiomarina loihiensis	3LLX
Idiomarina loihiensis	3OF4
Idiomarina loihiensis	3TX3
Idiomarina loihiensis	4DEJ
Idiomarina loihiensis	4FGM
Marinactinospora thermotolerans	3X27
Marinactinospora thermotolerans	4YL7
Marinactinospora thermotolerans	4YLA
Marinactinospora thermotolerans	6H1B
Marinactinospora thermotolerans	6SQ8
Moritella profunda	2BE7
Moritella profunda	2ZZA
Moritella profunda	3IA4
Moritella profunda	3IA5
Shewanella benthica	3VMK
Shewanella benthica	4ICN
Shewanella benthica	4PFM
Shewanella benthica	6A3K
Pyrococcus yayanosii CH1	5XEI
Pyrococcus yayanosii CH1	5XG2
Pyrococcus yayanosii CH1	6BII
Pyrococcus yayanosii CH1	6L7Q
Thermovibrio ammonificans	4C3T
Thermovibrio ammonificans	4COQ
Thermovibrio ammonificans	4UOV
Shewanella violacea	5B6Q
Shewanella violacea	6A3L
Shewanella violacea	6K7C
Thermococcus chitonophagus	5XSW
Thermococcus chitonophagus	5XSX
Methanocaldococcus vulcanius	5O9I
Palaeococcus ferrophilus	6QE2
Shewanella piezotolerans	6LKC
Cryptococcus liquefaciens N6	3CE1
Thermosipho melanesiensis	5KH0
Caldithrix abyssi	6EOM
