,PDB,chain,sequence,interacting_residues,length,interactor
0,1f7p,A,MIIEGDGILDKRSEDAGYDLLAAKEIHLLPGEVKVIPTGVKLMLPKGYWGLIIGKSSIGSKGLDVLGGVIDEGYRGEIGVIMINVSRKSITLMERQKIAQLIILPCKHEVLEQGKV,-------------------------------------------------------------------++++--+---+--+-----------------------------------,116.0,UDP
1,1f7r,A,MIIEGDGILDKRSEDAGYDLLAAKEIHLLPGEVKVIPTGVKLMLPKGYWGLIIGKSSIGSKGLDVLGGVIDEGYRGEIGVIMINVSRKSITLMERQKIAQLIILPCKHEVLEQGKVVMDSERGDNGYGSTGVF,-------------------------------------------------------------------++++--+---++-+----------------------------------------------------,133.0,UDP
2,1fgg,A,MTIYVVTPTYARLVQKAELVRLSQTLSLVPRLHWLLVEDAEGPTPLVSGLLAASGLLFTHLVVLTPWVHPRGVEQRNKALDWLRGRGGAVGGEKDPPPPGTQGVVYFADDDNTYSRELFEEMRWTRGVSVWPVGLVGGLRFEGPQVQDGRVVGFHTAWEPSRPFPVDMAGFAVALPLLLDKPNAQFDSTAPRGHLESSLLSHLVDPKDLEPRAANCTRVLVWHTRTEKPKMKQEEQLQRQGRGSDPAIEV,-------+++----------------------------+-------------------------------++---+--------------------------------+++---------------------------------------------------------------------------------------------------------------+-+-------------------------,250.0,UDP
3,1gy8,C,SHMRVLVCGGAGYIGSHFVRALLRDTNHSVVIVDSLVGTHGKSDHVETRENVARKLQQSDGPKPPWADRYAALEVGDVRNEDFLNGVFTRHGPIDAVVHMCAFLAVGESVRDPLKYYDNNVVGILRLLQAMLLHKCDKIIFSSSAAIFGNPTMNAEPIDINAKKSPESPYGESKLIAERMIRDCAEAYGIKGICLRYFNACGAHEDGDIGEHYQGSTHLIPIILGRVMSDIAPDASTDKRMPIFGTDYPTPDGTCVRDYVHVCDLASAHILALDYVEKLGPNDKSKYFSVFNLGTSRGYSVREVIEVARKTTGHPIPVRECGRREGDPAYLVAASDKAREVLGWKPKYDTLEAIMETSWKFQRTHPNGYA,---------------------------------------------------------------------------------------------------------+--------------------------------------------------------------------------------------------+-----------------+++--+------------------++++----------+-+-------------------------------------------+----------------------+--+-------------------------------------------,370.0,UDP
4,1hxp,A,TQFNPVDHPHRRYNPLTGQWILVSPHRAKRPWEGAVLPAHDPDCFLCAGNVRVTGDKNPDYTGTYVFTNDFAALMSDTPDAPESHDPLMRCQSARGTSRVICFSPDHSKTLPELSVAALTEIVKTWQEQTAELGKTYPWVQVFENKGAAMGCSNPHPHGQIWANSFLPNEAEREDRLQKEYFAEQKSPMLVDYVQRELADGSRTVVETEHWLAVVPYWAAWPFETLLLPKAHVLRITDLTDAQRSDLALALKKLTSRYDNLFQCSFPYSMGWHGAPFNGEENQHWQLHAHFYPPLLRSATVRKFMVGYEMLAETQRDLTAEQAAERLRAVSDIHFRESGV,-----------------------------+----------------------------------------------------------------------------------------------------------------------------------------------------------------------------------------------------------------------------------------------------------------------------------------------------------------------,340.0,UDP
5,1ixy,A,MKIAIINMGNNVINFKTVPSSETIYLFKVISEMGLNVDIISLKNGVYTKSFDEVDVNDYDRLIVVNSSINFFGGKPNLAILSAQKFMAKYKSKIYYLFTDIRLPFSQSWPNVKNRPWAYLYTEEELLIKSPIKVISQGINLDIAKAAHKKVDNVIEFEYFPIEQYKIHMNDFQLSKPTKKTLDVIYGGSFRSGQRESKMVEFLFDTGLNIEFFGNAREKQFKNPKYPWTKAPVFTGKIPMNMVSEKNSQAIAALIIGDKNYNDNFITLRVWETMASDAVMLIDEEFDTKHRIINDARFYVNNRAELIDRVNELKHSDVLRKEMLSIQHDILNKTRAKKAEWQDAFKKAIDL,-----------------+------------------------------------------------------------------------------------------------------------------------------------------------------------------------+++-+---+-----------------++----------------------++-+--+-----------------+------++--+-------------------------------------------------------------------------------,351.0,UDP
6,1on8,A,ALDSFTLIMQTYNRTDLLLRLLNHYQAVPSLHKVIVVWNNVGEKGPEELWNSLGPHPIPVIFKPQTANKMRNRLQVFPEVETNAVLMVDDDTLISAQDLVFAFSIWQQFPDQIIGFVPRKHVSTSSGIYSYGGFELQTPGPGNGDQYSMVLIGASFFNSKYLELFQKQPAAVHALIDETQNCDDIAMNFLVTRHTGKPSGIFVKPINMVNLEKETNGYSGMWHRAEHFLQRSYCINKLVNIYDGMPLKYSNIMISQFGFPYANHK,---------+-+-+------------------------+----------------------------+-+--+---------------+++------------------------------------------------------------------------------------------------------------------------------+--++----+--------------------------------------,265.0,UDP
7,1qgq,A,PKVSVIMTSYNKSDYVAKSISSILSQTFSDFELFIMDDNSNEETLNVIRPFLNDNRVRFYQSDISGVKERTEKTRYAALINQAIEMAEGEYITYATDDNIYMPDRLLKMVRELDTHPEKAVIYSASKTYHLNDIVKETVRPAAQVTWNAPCAIDHCSVMHRYSVLEKVKEKFGSYWDESPAFYRIGDARFFWRVNHFYPFYPLDEELDLNYITEFVRNLPPQRNCRELRESLKKLGMG,-------+-+-+-------------------------+-------------------------------+----++--+----------------++---------------------------------------------------------------------------------------------------------------------------------------------,238.0,UDP
8,1xjg,A,MKLSDLISRWIDVEPSKNAQIILRDRYFMKDLDGNYLETKWEDVARRVARVVATAELLNPSYKKNEKLDRIKEWEDIFFRVLKARLFIPNSPTLFNAGLGVKHDLLWKPIDQMTLEDYEEIYRSRNHLHMLSACFVVPVGDSIEEIFEAVKEYALITKVGGGVGSNFSELRPKGSFVAGTHGKASGPVSFMHVFNSAISVVKALMGILNINHPDIEEFIDAKKVLNFFNLSVGFPMDKKEILKLYEEDGELELSHPRSTIRKKVKIRELFRKIATNAWKSGDPGLAFLGEMNKYYPLYPHRKINSTNPCGEIGLSDYEACNLGSIDVAKFYNNGFVDLEALQELVQIAVRFLDNVIDVNVFPIDKITKAVKESRRLGLGIMGFADLLYKLEIPYNSQEARDFAANLMAFIALHAHRTSYELGKEKGNFPLLEISRYRTEDNFVPFAMGMSNYDDEIREVMKMTKEFRRNVALLTIAPTGSISNIADTSSGLEPNFLLAYTRFVTKEPLLYVNQVLREKLNPEILKRIEKELIEKGSLKDIPDVPEKIKKVFVVALDIDPMDHLLMQDAFQRYVDNNISKTINMPQSATVDDVLNVYLEALRTNVRGITVYRDGSL,-----------------------------------------------------------------------------------------++-----------------------------------------+----------------------------+------------------------------------------------------------------------------------------------------------------------------------------------+++-+--------------------------------------------------------------------------------------------------------------------------------------------------------------------++++++--------------------------------------------------------------------------------------------------------------------------------------,615.0,UDP
9,1xv5,A,SMRICIFMARGLEGXGVTKFSLEQRDWFIKNGHEVTLVYAKDKSFTRTSSHDHKSFSIPVILAKEYDKALKLVNDCDILIINSVPATSVQEATINNYKKLLDNIKPSIRVVVYQHDHSVLSLRRNLGLEETVRRADVIFSHSDNGDFNKVLMKEWYPETVSLFDDIEEAPTVYNFQPPMDIVKVRSTYWKDVSEINMNINRWIGRTTTWKGFYQMFDFHEKFLKPAGKSTVMEGLERSPAFIAIKEKGIPYEYYGNREIDKMNLAPNQPAQILDXYINSEMLERMSKSGFGYQLSKLNQKYLQRSLEYTHLELGACGTIPVFWKSTGENLKFRVDNTPLTSHDSGIIWFDENDMESTFERIKELSSDRALYDREREKAYEFLYQHQDSSFCFKEQFDIITK,---------------+--+---------------------------+--++--------------------------------------------------------------------------------------------------------------------------------------------------------++----+-----------------------+-----------------------------------------+-+----------------------------+++--+-----------------------------------------------------------------------------------------,401.0,UDP
10,1zct,A,MTDQAFVTLTTNDAYAKGALVLGSSLKQHRTSRRLAVLTTPQVSDTMRKALEIVFDEVITVDILDSGDSAHLTLMKRPELGVTLTKLHCWSLTQYSKCVFMDADTLVLANIDDLFEREELSAAPDPGWPDCFNSGVFVYQPSVETYNQLLHVASEQGSFDGGDQGLLNTFFNSWATTDIRKHLPFIYNLSSISIYSYLPAFKAFGANAKVVHFLGQTKPWNYTYDTKTKSVRSEGHDPPQFLNVWWDIFTTSVVPLLQ,--------++++--+------------------------------------------------------------------+-------------------+++-----------------------------------------------------------------------------------------------------------+-++--+----------------------------------------,258.0,UDP
11,2aiz,P,CSSSNNDAAGNGAAQTFGGYSVADLQQRYNTVYFGFDKYDITGEYVQILDAHAAYLNATPAAKVLVEGNTDERGTPEYNIALGQRRADAVKGYLAGKGVDAGKLGTVSYGEEKPAVLGHDEAAYSKNRRAVLAY,-----------------------------------------------------------------------------+--------------------------------------------------------,134.0,UDP
12,2am5,A,AVIPILVIACDRSTVRRCLDKLLHYRPSAELFPIIVSQDCGHEETAQVIASYGSAVTHIRQPDLSNIAVQPDHRKFQGYYKIARHYRWALGQIFHNFNYPAAVVVEDDLEVAPDFFEYFQATYPLLKADPSLWCVSAWNDNGKEQMVDSSKPELLYRTDFFPGLGWLLLAELWAELEPKWPKAFWDDWMRRPEQRKGRACVRPEISRTMTFGRKGVSHGQFFDQHLKFIKLNQQFVPFTQLDLSYLQQEAYDRDFLARVYGAPQLQVEKVRTNDRKELGEVRVQYTGRDSFKAFAKALGVMDDLKSGVPRAGYRGIVTFLFRGRRVHLAPPQTWDGYDPSWT,-------+-+-+--------------------------++----------------------------------------++--+--------------------+++----------------------------------------------------------------------------------------------------------+++-----------------------------------------------------------------------------------------------------------------------------,342.0,UDP
13,2bis,C,GSHMKVLLLGFEFLPVKVGGLAEALTAISEALASLGHEVLVFTPSHGRFQGEEIGKIRVFGEEVQVKVSYEERGNLRIYRIGGGLLDSEDVYGPGWDGLIRKAVTFGRASVLLLNDLLREEPLPDVVHFHDWHTVFAGALIKKYFKIPAVFTIHRLNKSKLPAFYFHEAGLSELAPYPDIDPEHTGGYIADIVTTVSRGYLIDEWGFFRNFEGKITYVFNGIDCSFWNESYLTGSRDERKKSLLSKFGMDEGVTFMFIGRFDRGQKGVDVLLKAIEILSSKKEFQEMRFIIIGKGDPELEGWARSLEEKHGNVKVITEMLSREFVRELYGSVDFVIIPSYFEPFGLVALEAMCLGAIPIASAVGGLRDIITNETGILVKAGDPGELANAILKALELSRSDLSKFRENCKKRAMSFSWEKSAERYVKAYTGSIDRAFDFIL,-------------------------------------------------------------------------------------------------------------------------------------------------------------------+--++--------------------------------------------------------------------------------------------------------------------------------------------------------------------------------------------------------------------------------------------------------------------------------,440.0,UDP
14,2bnd,A,AKPVYKRILLKLSGEALQGTEGFGIDASILDRMAQEIKELVELGIQVGVVIGGGNLFRGAGLAKAGMNRVVGDHMGMLATVMNGLAMRDALHRAYVNARLMSAIPLNAVCDSYSWAEAISLLRNNRVVILSAGTGNPFFTTDSAACLRGIEIEANVVLKATKVDGVFTADPAKDPTATMYEQLTYSEVLEKELKVMDLAAFTLARDHKLPIRVFNMNKPGALRRVVMGEKEGTLITE,----------+-+-+------------------------------------++----++-------------+--++--+----------------------------------------------------++--+-+++------------------------------------------------------------------------------------------------,237.0,UDP
15,2bvl,A,MSLVNRKQLEKMANVRFRTQEDEYVAILDALEEYHNMSENTVVEKYLKLKDINSLTDICIDTYKKSGRNKALKKFKEYLVTEVLELKNNNLTPVEKNLHFVWIGGQINDTAINYINQWKDVNSDYNVNVFYDSNAFLINTLKKTVVESAINDTLESFRENLNDPRFDYNKFFRKRMEIIYDKQKNFINYYKAQREENPELIIDDIVKTYLSNEYSKEIDELNTYIEESLNKITQNSGNDVRNFGEFKNGESFNLYEQELVERWNLAAASDILRISALKEIGGMYLDVDMLPGIQPDLFESIEKPSSVTVDFWEMTKLEAIMKYKEYIPEYTSEHFDMLDEEVQSSFESVLASKSDKSEIFSSLGDMEASPLEVKIAFNSKGIINQGLISVKDSYCSNLIVKQIENRYKILNNSLNPAISEDNDFNTTTNTFIDSIMAEANADNGRFMMELGKYLRVGFFPDVKTTINLSGPEAYAAAYQDLLMFKEGSMNIHLIEADLRNFEISKTNISQSTEQEMASLWSFDDARAKAQFEEYKRNYFEGAL,----------------------------------------------------------------------------------------------------+++-----------------------------------+-----------------------------------------------------------------------------------------------------------------------------++--+---+----------+-+++----------------------------------------------------------------------------------------------------------------------------------------------------------------------------------------------------------------------------------+--+++-----------------------,543.0,UDP
16,2cvv,A,QTTKQFSKVVEDLYRYVNAATGKPAPMISDDVYNIVMENKDKLNSAIVYDRDFQYSYFGFKTLERSYLLRINGQVAERPQHLIMRVALGIHGRDIEAALETYNLMSLKYFTHASPTLFNAGTPKPQMSSCFLVAMKEDSIEGIYDTLKECALISKTAGGIGLHIHNIRSTGSYIAGTNGTSNGLIPMIRVFNNTARYVDQGGNKRPGAFALYLEPWHADIFDFIDIRKNHGKEEIRARDLFPALWIPDLFMKRVEENGTWTLFSPTSAPGLSDCYGDEFEALYTRYEKEGRGKTIKAQKLWYSILEAQTETGTPFVVYKDACNRKSNQKNLGVIKSSNLCCEIVEYSAPDETAVCNLASVALPAFIETSEDGKTSTYNFKKLHEIAKVVTRNLNRVIDRNYYPVEEARKSNMRHRPIALGVQGLADTFMLLRLPFDSEEARLLNIQIFETIYHASMEASCELAQKDGPYETFQGSPASQGILQFDMWDQKPYGMWDWDTLRKDIMKHGVRNSLTMAPMPTASTSQILGYNECFEPVTSNMYSFQVVNPYLLRDLVDLGIWDEGMKQYLITQNGSIQGLPNVPQELKDLYKTVWEISQKTIINMAADRSVYIDQSHSLNLFLRAPTMGKLTSMHFYGWKKGLKTGMYYLRTQ,----------------------------------------------------------------------------------------------------------------++--------------++---------------------------++----------------------------------------+-----------------------------------------------------------------------------------------------------------------------------------------+++-+--------------+----------------------------------------------------------------------------------------------------------------------------------------------------------------++++++--------------------------------------------------------------------------------------------------------------------------------,651.0,UDP
17,2d7i,A,GQKLKDWHDKEAIRRDAQRVGNGEQGRPYPMTDAERVDQAYRENGFNIYVSDKISLNRSLPDIRHPNCNSKRYLETLPNTSIIIPFHNEGWSSLLRTVHSVLNRSPPELVAEIVLVDDFSDREHLKKPLEDYMALFPSVRILRTKKREGLIRTRMLGASVATGDVITFLDSHCEANVNWLPPLLDRIARNRKTIVCPMIDVIDHDDFRYETQAGDAMRGAFDWEMYYKRIPIPPELQKADPSDPFESPVMAGGLFAVDRKWFWELGGYDPGLEIWGGEQYEISFKVWMCGGRMEDIPCSRVGHIYRKYVPYKVPAGVSLARNLKRVAEVWMDEYAEYIYQRRPEYRHLSAGDVAVQKKLRSSLNCKSFKWFMTKIAWDLPKFYPPVEPPAAAWGEIRNVGTGLCADTKHGALGSPLRLEGCVRGRGEAAWNNMQVFTFTWREDIRPGDPQHTKKFCFDAISHTSPVTLYDCHSMKGNQLWKYRKDKTLYHPVSGSCMDCSESDHRIFMNTCNPSSLTQQWLFEHTNSTVLEKFNRN,------------------------------------------------------------------------------------+++-+----------------------------+----------------------------+-++-------------------+++-----------------------------------------------------------------------------------------------------++---------------------------+--+----+---------------------------------------------------------------------------------------------------------------------------------------------------------------------------------------------------------------------------------,536.0,UDP
18,2gn8,B,QNMLDNQTILITGGTGSFGKCFVRKVLDTTNAKKIIVYSRDELKQSEMAMEFNDPRMRFFIGDVRDLERLNYALEGVDICIHAAALKHVPIAEYNPLECIKTNIMGASNVINACLKNAISQVIALSTDKAANPINLYGATKLCSDKLFVSANNFKGSSQTQFSVVRYGNVVGSRGSVVPFFKKLVQNKASEIPITDIRMTRFWITLDEGVSFVLKSLKRMHGGEIFVPKIPSMKMTDLAKALAPNTPTKIIGIRPGEKLHEVMIPKDESHLALEFEDFFIIQPTISFQTPKDYTLTKLHEKGQKVAPDFEYSSHNNNQWLEPDDLLKLL,--------------------------------------------------------------------------------------------------------------------------------+---------------------------------------+------++--+------------+++---+-+---------------------------------+---------------+--+--+------------------------------------------------------------------------,329.0,UDP
19,2ier,A,GLEKTVKEKLSFEGVGIHTGEYSKLIIHPEKEGTGIRFFKNGVYIPARHEFVVHTNHSTDLGFKGQRIKTVEHILSVLHLLEITNVTIEVIGNEIPILDGSGWEFYEAIRKNILNQNREIDYFVVEEPIIVEDEGRLIKAEPSDTLEVTYEGEFKNFLGRQKFTFVEGNEEEIVLARTFAFDWEIEHIKKVGLGKGGSLKNTLVLGKDKVYNPEGLRYENEPVRHKVFDLIGDLYLLGSPVKGKFYSFRGGHSLNVKLVKELAKKQK,--------------------------------------------------------+--------------------------------------------------------------------------------------------+-+-+------------------------+-+--+-----------------------------------------+----------------------+-++---------------,267.0,UDP
20,2iv3,C,PLKVALVNIPLRVPGSDAWISVPPQGYGGIQWVVANLMDGLLELGHEVFLLGAPGSPAGRPGLTVVPAGEPEEIERWLRTADVDVVHDHSGGVIGPAGLPPGTAFISSHHFTTRPVNPVGCTYSSRAQRAHCGGGDDAPVIPIPVDPARYRSAADQVAKEDFLLFMGRVSPHKGALEAAAFAHACGRRLVLAGPAWEPEYFDEITRRYGSTVEPIGEVGGERRLDLLASAHAVLAMSQAVTGPWGGIWCEPGATVVSEAAVSGTPVVGTGNGCLAEIVPSVGEVVGYGTDFAPDEARRTLAGLPASDEVRRAAVRLWGHVTIAERYVEQYRRLLAGATWK,--------------------------+-+--+-------------------------------------------------------------------------------------------------------------------------------------++-----+-------------------+-----------------------++----+--------------------------+--+++--+----------------------------------------------------------------------------------,340.0,UDP
21,2iv7,A,IVAFCLYKYFPFGGLQRDFXRIASTVAARGHHVRVYTQSWEGDCPKAFELIQVPVKSHTNHGRNAEYYAWVQNHLKEHPADRVVGFNKXPGLDVYFAADVCYAEKVAQEKGFLYRLTSRYRHYAAFERATFEQGKSTKLXXLTDKQIADFQKHYQTEPERFQILPPGIYPDRKYSEQIPNSREIYRQKNGIKEQQNLLLQVGSDFGRKGVDRSIEALASLPESLRHNTLLFVVGQDKPRKFEALAEKLGVRSNVHFFSGRNDVSELXAAADLLLHPAYQEAAGIVLLEAITAGLPVLTTAVCGYAHYIADANCGTVIAEPFSQEQLNEVLRKALTQSPLRXAWAENARHYADTQDLYSLPEKAADIITGG,-----------+++--+----------------------------------------------------------------------------------------------------------------------------------------------------------+----------------------------+-+---++------------------------++------------------------+---+----------------+--+++--+----------------------------------------------------------------------------------,370.0,UDP
22,2iyf,B,TPAHIAMFSIAAHGHVNPSLEVIRELVARGHRVTYAIPPVFADKVAATGPRPVLYHSTLPGPDADPEAWGSTLLDNVEPFLNDAIQALPQLADAYADDIPDLVLHDITSYPARVLARRWGVPAVSLSPNLVAWKGYEEEVAEPMWREPRQTERGRAYYARFEAWLKENGITEHPDTFASHPPRSLVLIPKALQPHADRVDEDVYTFVGACQGDRAEEGGWQRPAGAEKVVLVSLGSAFTKQPAFYRECVRAFGNLPGWHLVLQIGRKVTPAELGELPDNVEVHDWVPQLAILRQADLFVTHAGAGGSQEGLATATPMIAVPQAVDQFGNADMLQGLGVARKLATEEATADLLRETALALVDDPEVARRLRRIQAEMAQEGGTRRAADLIEAELP,------------------------------------------------------------------------------------------------------------------------------------------------------------------------------------------------------------------+--+--+-----------------+++-------------------------+---------------------++-+------------+-++++--+-------------------------------------------------------------------------------------,394.0,UDP
23,2j0b,A,ELQLGDIFIAVKTTWAFHRSRLDLLLDTWVSRIRQQTFIFTDSPDERLQERLGPHLVVTQCALSCKMAAEFDAFLVSGLRWFCHVDDDNYVNPKALLQLLKTFPQDRDVYVGKPSLFWFATGGAGFCINRQLALKMVPWASGSHFVDTSALIRLPDDCTVGYIIECKLGGRLQPSPLFHSHLETLQLLGAAQLPEQVTLSYGVFEGKLNVIKLPGPFSHEEDPSRFRSLHCLLYPDTPWCPLL,-----------+++--+---+--------------------------------------------+-------------------++---------------------------------------------------------------------------------------------+--------------------------------------------------------------,243.0,UDP
24,2p73,A,TPCITILSGHFPKETIYARKTKELVEEYCSIHGYNFYYEESEPLETEEHALHFRRSWIIQQAAEKFPSTEWFLWLDSDVYVNPKNKNKPITSFIDLSDPNILYHTFHEAPWGSYPINTGVKFVHKDALEIEKIVWSLRNEAPWNTFPYEQKTVYEYVFPRIPGRYIVHDPYTLNCIVKAYPEHVKDALFVHMCGTSRAERDEHMEMV,---------++---------------------------------------++--+------------------+-+++----------------------------------------------------------------------------------------------------------------+-++-----+-------,207.0,UDP
25,2q6v,A,RPCYLVLSSHDFRTPRRANIHFITDQLALRGTTRFFSLRYSRLSRMKGDMRLPLDDTANTVVSHNGVDCYLWRTTVHPFNTRRSWLRPVEDAMFRWYAAHPPKQLLDWMRESDVIVFESGIAVAFIELAKRVNPAAKLVYRASDGLSTINVASYIEREFDRVAPTLDVIALVSPAMAAEVVSRDNVFHVGHGVDHNLDQLGDPSPYAEGIHAVAVGSMLFDPEFFVVASKAFPQVTFHVIGSGMGRHPGYGDNVIVYGEMKHAQTIGYIKHARFGIAPYASEQVPVYLADSSMKLLQYDFFGLPAVCPNAVVGPYKSRFGYTPGNADSVIAAITQALEAPRVRYRQCLNWSDTTDRVLDPRAYPETRLYP,----------------------------------------------------------------------------------------------------------------------------------------------------------------------------------------------------------------------++++---------------------++-----------------+--+--+-------------+------------++---+-------------------------------------------------------------------------,370.0,UDP
26,2qgi,B,KPVPTYVQDKDESTLMFSVCSLVRDQAKYDRLLESFERFGFTPDKAEFLAADNREGNQFHGFSWHKQMLPRCKGRYVIFCHEDVELVDRGYDDLVAAIEALEEADPKWLVAGVAGSPWRPLNHSVTAQALHISDVFGNDRRRGNVPCRVESLDECFLLMRRLKPVLNSYDMQGFHYYGADLCLQAEFLGGRAYAIDFHLHHYGRAIADENFHRLRQEMAQKYRRWFPGRILHCVTGRVALGGGWYEAR,---------------------+-+----------------------------+---+-----------------------+++------------------------------------------------------------------------------------------+--------------------------+-+---------------------------------------------,248.0,UDP
27,2v0k,A,KALSAVILAAGKGTRMYSDLPKVLHTIAGKPMVKHVIDTAHQLGSENIHLIYGHGGDLMRTHLANEQVNWVLQTEQLGTAHAVQQAAPFFKDNENIVVLYGDAPLITKETLEKLIEAKPENGIALLTVNLDNPTGYGRIIRENGNVVAIVEQKDANAEQLNIKEVNTGVMVSDGASFKKWLARVGNNNAQGEYYLTDLIALANQDNCQVVAVQATDVMEVEGANNRLQLAALERYFQNKQASKLLLEGVMIYDPARFDLRGTLEHGKDVEIDVNVIIEGNVKLGDRVKIGTGCVLKNVVIGNDVEIKPYSVLEDSIVGEKAAIGPFSRLRPGAELAAETHVGNFVEIKKSTVGKGSKVNHLTYVGDSEIGSNCNIGAGVITCNYDGANKFKTIIGDDVFVGSDTQLVAPVKVANGATIGAGTTITRDVGENELVITRVAQRHIQGWQRP,-------++++----------+--------------------------------------------------+--+-++--+-----------------+-+-------------------------------------------------------------------------------------------------------------------------+---------------------------------------------------------------------------------------------------------------------------------------------------------------------------------------------------------------------------------,449.0,UDP
28,2vg8,A,TPHVAIIPSPGMGHLIPLVEFAKRLVHLHGLTVTFVIAGEGPPSAQRTVLDSLPSSISSVFLPPVDLTDLSSSTRIESRISLTVTRSNPELRKVFDSFVEGGRLPTALVVDLFGTDAFDVAVEFHVPPYIFYPTTANVLSFFLHLPKLDETVSCEFRELTEPLMLPGCVPVAGKDFLDPAQDRKDDAYKWLLHNTKRYKEAEGILVNTFFELEPNAIKALQEPGLDKPPVYPVGPLVNIGKQEESECLKWLDNQPLGSVLYVSFGSGGTLTCEQLNELALGLADSEQRFLWVIRSPSGIANSSYFDSHSQTDPLTFLPPGFLERTKKRGFVIPFWAPQAQVLAHPSTGGFLTHCGWNSTLESVVSGIPLIAWPLYAEQKMNAVLLSEDIRAALRPRAGDDGLVRREEVARVVKGLMEGEEGKGVRNKMKELKEAACRVLKDDGTSTKALSLVALKWKAHKKELEQ,------------+--+------------------------------------------------------------------------------------------------------------------------------------------------------------------------------------------------------------------------------------------------------+-++-------------------------+------------------------------------------++-+--------------+-+-++--+-------------+--+---------------------------------------------------------------------------------------,465.0,UDP
29,2vsn,A,AWLMLADAELGDTTAGEMAVQRPEAVARLGRVRWTQQRHAEAAVLLQQASDAAPEHPGIALWLGHALEDAGQAEAAAAAYTRAHQLLPEEPYITAQLLNWRRRLCDWRALDVLSAQVRAAVAQGVGAVEPFAFLSEDASAAEQLACARTRAQAIAASVRPLAPTRVRSKGPLRVGFVSNGFGAHPTGLLTVALFEALQRRQPDLQMHLFATSGDDGSTLRTRLAQASTLHDVTALGHLATAKHIRHHGIDLLFDLAGWGGGGRPEVFALRPAPVQVNWLAYPGTSGAPWMDYVLGDAFALPPALEPFYSEHVLRLQGAFQPSDTSRVVAEPPSRTQCGLPEQGVVLCCFNNSYKLNPQSMARMLAVLREVPDSVLWLLSGPGEADARLRAFAHAQGVDAQRLVFMPKLPHPQYLARYRHADLFLDTHPYNAHTTASDALWTGCPVLTTPGETFAARVAGSLNHHLGLDEMNVADDAAFVAKAVALASDPAALTALHARVDVLRRASGVFHMDGFADDFGALLQALARRHGWLGI,----------------------------------------------------------------------------------------------------------------------------------------------------------------------------------------+--+------------------------------------------------------------------------------------------------------------------------------------------------------------------+-++-----------------------+--------------------------+-+--+--+---------------+--+++--+-------------------------------------------------------------------------------------------------,534.0,UDP
30,2wzf,A,LSKLRMRFFSALNHTSEIDLQVLFNDLKSILTLDSIEHLKEGSVAYAIIQELLKQDDAQNKIQSFLHGAIKNVIHPGVIKGLTPDEINWNVAKAYPKYYEHEEFPDVTFGGFKVRDSNEFKFKTNIQTSIWFSIKPDLFMPSKQQEALKRRREQYPGCEIRLIYSSSLLNAEANRQMKAFARKQNISLIDIDSVKTDSPLYPLLKAELAHLGKGGNPAAASDLCRWIPELFNEGFYVDIDLPVDSSKIVEGHQITGGVPIMLNMGSIISEPIAPHHRRQEAVCMNTDIIAYSNDKRTQKMMDTVARYLKNIYDDPYTALKDTPLAQTAFFNKCQEERKSIFDLRKGLQDAFRSDSLLQLYDFLGADKFKEVFKLKEAQSKYINEHISEFSEKDLLLNLISDKPSEISQHTLDFVKAKAMYIDIAKEHYSAFYKPLVEEISGPGAIYNALGGAGSFTTTHRRLTGPMLPTTPPRVLQVFCDAHDKGPFVSDNIARWQTNVRDLGVLNREGLSWLPS,---------------------------------------------------------------------------------------------------------------------------------+++------------------------------------------------------------------------------------++--+---+----------+-+++----------------------------------------------------------------------------------------------------------------------------------------------------------------------------------------------------------------------------------------------------------+--------------+--++++---,515.0,UDP
31,2xmp,A,MYEVKEFSSGKRKLEDYKSIIGEEEVSKIQEKAEKLKGRSFVHVNSTSFGGGVAEILHSLVPLLRSIGIEARWFVIEGPTEFFNVTKTFHNALQGNESLKLTEEMKELYLNVNRENSKFIDLSSFDYVLVHDPQPAALIEFYEKKSPWLWRCHIDLSSPNREFWEFLRRFVEKYDRYIFHLPEYVQPELDRNKAVIMPPSIDPLSEKNVELKQTEILRILERFDVDPEKPIITQVSRFDPWKGIFDVIEIYRKVKEKIPGVQLLLVGVMAHDDPEGWIYFEKTLRKIGEDYDVKVLTNLIGVHAREVNAFQRASDVILQMSIRAGFGLTVTEAMWKGKPVIGRAVGGIKFQIVDGETGFLVRDANEAVEVVLYLLKHPEVSKEMGAKAKERVRKNFIITKHMERYLDILNSL,--------------------------------------------------------------------------------------------------------------------------------------------------------------------------------------------------------------+----------------------------++----+------------------------++--------------------------------------------------------++++---+--------------------------------------------------------------------------------,412.0,UDP
32,2z86,C,AVIDIDAATKIMCSNAKAISLNEVEKNEIISKYREITAKKSERAELKEVEPIPLDWPSDLTLPPLPESTNDYVWAGKRKELDDQLIIDGLSIVIPTYNRAKILAITLACLCNQKTIYDYEVIVADDGSKENIEEIVREFESLLNIKYVRQKDYGYQLCAVRNLGLRAAKYNYVAILDCDMAPNPLWVQSYMELLAVDDNVALIGPRKYIDTSKHTYLDFLSQKSLINEIPEIITNQNKSVDWRIEHFKNTDNLRLCNTPFRFFSGGNVAFAKKWLFRAGWFDEEFTHWGGEDNEFGYRLYREGCYFRSVEGAMAYHQEPPGKENITVQLLQQKVPYFYRKKEKIESATLKRVPLVSIYIPAYNCSKYIVRCVESALNQTITDLEVCICDDGSTDDTLRILQEHYANHPRVRFISQKNKGIGSASNTAVRLCRGFYIGQLDSDDFLEPDAVELCLDEFRKDLSLACVYTTNRNIDREGNLISNGYNWPIYSREKLTSAMICHHFRMFTARAWNLTEGFNESISNAVDYDMYLKLSEVGPFKHINKICYNRVLHGENTSIKKLDIQKENHFKVVNESLSRLGIKKYKYSPLTNLNECRKYTWEKI,----------------------------------------------------------------------------------------------+++-+--------------------------+----------------------------+-+--+----------------+++----------------------------------------------------------------------------------------------------------------------------------------+-----------------------------------------------------------------------------------------------------------------------------------------------------------------------------------------------------------------------------------------------------------------------------------------------,603.0,UDP
33,3ckn,A,GLRDTRPGDTWLADRSWNRPGWTVAELEAAKAGRTISVVLPALDEEDTIGSVIDSISPLVDGLVDELIVLDSGSTDDTEIRAVAAGARVVSREQALPEVPIRPGKGEALWRSLAASRGDIVVFVDSDLINPHPMFVPWLVGPLLTGDGVHLVKSFYRRPGRVTELVARPLLAALRPELGCILQPLGGEYAATRELLTSVPFAPGYGVEIGLLVDTFDRLGLDAIAQVNLGVREHRNRPLAELGAMSRQVIATLLSRCGIPDSGVGLTQFVADGPEGQSYTQHTWPVSLADRPPMQAIRPR,----------------------------------------+++-+--------------------------+-------------------------------++-------------------+++-----------------------------------------------------------------------------+----------------------------+--+-------+-------------------------------------------------------,300.0,UDP
34,3djq,A,KESAAAKFERQHMDSGNSPSSSSNYCNLMMCCRKMTQGKCKPVNTFVHESLADVKAVCSQKKVTCKNGQTNCYQSKSTMRITDCRETGSSKYPNCAYKTTQVEKHIIVACGGKPSVPVHFDASV,-----------+----------------------------+-+++--------------------+----------------------------------------------------++----,124.0,UDP
35,3eic,A,AGLQRTLVLIKPDAFERSLVAEIMGRIEKKNFKIVSMKFWSKAPRNLIEQHYKEHSEQSYFNDNCDFMVSGPIISIVYEGTDAISKIRRLQGNILTPGTIRGDLANDIRENLIHASDSEDSAVDEISIWFPET,----------+----------------------------------------+--+----+---+-----------------------+--+---------+------++-+----------------------,133.0,UDP
36,3hbn,A,XKVLFRSDSSSQIGFGHIKRDLVLAKQYSDVSFACLPLEGSLIDEIPYPVYELSSESIYELINLIKEEKFELLIIDHYGISVDDEKLIKLETGVKILSFDDEIKPHHCDILLNVNAYAKASDYEGLVPFKCEVRCGFSYALIREEFYQEAKENRKKKYDFFICXGGTDIKNLSLQIASELPKTKIISIATSSSNPNLKKLQKFAKLHNNIRLFIDHENIAKLXNESNKLIISASSLVNEALLLKANFKAICYVKNQESTATWLAKKGYEVEYKYLEHHHHHH,-------------+++--+---------------------------------------------------------------------------------------------------------------------------+-------------------+-++----------------------++----------------------------+--------------+++--+-------------------------------------------,282.0,UDP
37,3m2p,B,SLKIAVTGGTGFLGQYVVESIKNDGNTPIILTRSIGYEYRVSDYTLEDLINQLNDVDAVVHLAATRGSQGKISEFHDNEILTQNLYDACYENNISNIVYASTISAYSDETSLPWNEKELPLPDLXYGVSKLACEHIGNIYSRKKGLCIKNLRFAHLYGFNENYXINRFAKREFLYAKDAAKSVIYALKQEKVSGTFNIGSGDALTNYEVANTINNAFGNIHSSYXDSSKAKELLDFSTDYNFATAVEEIHLLXRG,-------+-++++------------------++----------+------------------+++-----------+---+------------------------------------------------------------------------------------------------------------------------------------------------------------------------------,255.0,UDP
38,3mbo,E,KLKIGITCYPSVGGSGVVGTELGKQLAERGHEIHFITSGLPFRLNKVYPNIYFHEVTVNQYSVFQYPPYDLALASKMAEVAQRENLDILHVHYAIPHAICAYLAKQMIGERIKIVTTLHGTDITVLGSDPSLNNLIRFGIEQSDVVTAVSHSLINETHELVKPNKDIQTVYNFIDERVYFKRDMTQLKKEYGISESEKILIHISNFRKVKRVQDVVQAFAKIVTEVDAKLLLVGDGPEFCTILQLVKNLHIEDRVLFLGKQDNVAELLAMSDLMLLLSEKESFGLVLLEAMACGVPCIGTRVGGIPEVIQHGDTGYLCEVGDTTGVADQAIQLLKDEELHRNMGERARESVYEQFRSEKIVSQYETIYYDVLRDD,------------++--+-----------------------------------------------------------------------------------------------------------------------------------------------------------------------------------------+++----+---------------------------------------------------+++-------------------+++--+--------------------------------------------------------------------------------------,375.0,UDP
39,3mqg,C,GHMATIHPTAIVDEGARIGAHSRIWHWVHICGGAEIGEGCSLGQNVFVGNRVRIGNRVKIQNNVSVYDNVFLEDDVFCGPSMVFTNVYNPRAAIERKSEYRDTIVRQGATLGANCTVVCGATIGRYAFVGAGAVVNKDVPDFALVVGVPARQIGWMSRHGEQLDLPLRGNAEATCPHTGERYILTDGVCRLA,----------------------+-++--------------+-++----------------++----------------------------------------------------------------------------------------------------------------------------------,192.0,UDP
40,3ois,A,TVLKRRKKSGYGYIPDIADIRDFSYTPEKSVIAALPPKVDLTPPFQVYDQGRIGSCTANALAAAIQFERIHDKQSPEFIPSRLFIYYNERKIEGHVNYDSGAMIRDGIKVLHKLGVCPEKEWPYGDTPADPRTEEFPPGAPASKKPSDQCYKDAQNYKITEYSRVAQDIDHLKACLAVGSPFVFGFSVYNSWVGNNSLPVRIPLPTKNDTLEGGHAVLCVGYDDEIRHFRIRNSWGNNVGEDGYFWMPYEYISNTQLADDFWVIKTVR,------------------+-+++---------------------------------------------------------------------------------+---+--++-----------------------------------------------++----------------------------------------------------------------------------------------------------------,268.0,UDP
41,3q3h,A,TMENENKPNVANFEAAVAAKDYEKACSELLLILSQLDSNFGGIQEIEFEYPAQLQDLEQEKIVYFCTRMATAITTLFSDPVLEISDLGVQRFLVYQRWLALIFASSPFVNADHILQTYNREPNRKNSLEIHLDSSKSSLIKFCILYLPESNVNLNLDVMWNISPELCASLCFALQSPRFIGTSTAFNKRATILQWFPRHLDQLKNLNNIPSAISHDVYMHCSYDTSVNKHDVKRALNHVIRRHIESEYGWKDRDVAHIGYRNNKPVMVVLLEHFHSAHSIYRTHSTSMIAAREHFYLIGLGSPSVDQAGQEVFDEFHLVAGDNMKQKLEFIRSVCESNGAAIFYMPSIGMDMTTIFASNTRLAPIQAIALGHPATTHSDFIEYVIVEDDYVGSEECFSETLLRLPKDALPYVPSALAPEKVDYLLRENPEVVNIGIASTTMKLNPYFLEALKAIRDRAKVKVHFHFALGQSNGITHPYVERFIKSYLGDSATAHPHSPYHQYLRILHNCDMMVNPFPFGNTNGIIDMVTLGLVGVCKTGAEVHEHIDEGLFKRLGLPEWLIANTVDEYVERAVRLAENHQERLELRRYIIENNGLNTLFTGDPRPMGQVFLEKLNAFLKE,------------------------------------------------------------------------------------------------------------------------------------------------------------------------------------------------------------------------------------------------------------------------------------------------------------------------------------------------------------------------------------------------------------------------------------------------------+--+--------------------------+--------------------------++-+--+------------------+++--+----------------------------------------------------------------------------------------------,620.0,UDP
42,3qen,A,TRIKKISIEGNIAAGKSTFVNILKQLSEDWEVVPEPVARWSNVQSELTMEQKNGGNVLQMMYEKPERWSFTFQTYACLSRIRAQLASLNGKLKDAEKPVLFFERSVYSDRYIFASNLYESESMNETEWTIYQDWHDWMNNQFGQSLELDGIIYLQATPETCLHRIYLRGRNEEQGIPLEYLEKLHYKHESWLLHRTLKTNFDYLQEVPILTLDVNEDFKDKYESLVEKVKEFLSTL,------------+-++++-------------------------------------------------------------------------------------------------------------------------------------------------+---+------------------------------------------------+++-----------------,236.0,UDP
43,3s27,H,VHSQRERLNETLVSERNEVLALLSRVEAKGKGILQQNQIIAEFEALPEQTRKKLEGGPFFDLLKSTQEAIVLPPWVALAVRPRPGVWEYLRVNLHALVVEELQPAEFLHFKEELVDGVKNGNFTLELDFEPFNASIPRPTLHKYIGNGVDFLNRHLSAKLFHDKESLLPLLKFLRLHSHQGKNLXLSEKIQNLNTLQHTLRKAEEYLAELKSETLYEEFEAKFEEIGLERGWGDNAERVLDXIRLLLDLLEAPDPCTLETFLGRVPXVFNVVILSPHGYFAQDNVLGYPDTGGQVVYILDQVRALEIEXLQRIKQQGLNIKPRILILTRLLPDAVGTTCGERLERVYDSEYCDILRVPFRTEKGIVRKWISRFEVWPYLETYTEDAAVELSKELNGKPDLIIGNYSDGNLVASLLAHKLGVTQCTIAHALEKTKYPDSDIYWKKLDDKYHFSCQFTADIFAXNHTDFIITSTFQEIAGSKETVGQYESHTAFTLPGLYRVVHGIDVFDPKFNIVSPGADXSIYFPYTEEKRRLTKFHSEIEELLYSDVENKEHLCVLKDKKKPILFTXARLDRVKNLSGLVEWYGKNTRLRELANLVVVGGDRRKESKDNEEKAEXKKXYDLIEEYKLNGQFRWISSQXDRVRNGELYRYICDTKGAFVQPALYEAFGLTVVEAXTCGLPTFATCKGGPAEIIVHGKSGFHIDPYHGDQAADTLADFFTKCKEDPSHWDEISKGGLQRIEEKYTWQIYSQRLLTLTGVYGFWKHVSNLDRLEARRYLEXFYALKYRPLAQAVPLAQD,---------------------------------------------------------------------------------------------------------------------------------------------------------------------------------------------------------------------------------------------------------------------------------------------+-----++--+----------------------------------------------------------------------------------------------------------------------------------------------------------------------------------------------------------------------------------+---------------------------------------------++----+-----------------------+-------------------------------------+------+--------------------+--+++--+----------------------------------------------------------------------------------------------------------------------------,797.0,UDP
44,3ukk,A,THPDISVDVLVIGAGPTGLGAAKRLNQIDGPSWMIVDSNETPGGLASTDVTPEGFLYDVGGHVIFSHYKYFDDCLDEALPKEDDWYTHQRISYVRCQGQWVPYPFQNNISMLPKEEQVKCIDGMIDAALEARVANTKPKTFDEWIVRMMGTGIADLFMRPYNFKVWAVPTTKMQCAWLGEKVAAPNLKAVTTNVILGKTAGNWGPNATFRFPARGGTGGIWIAVANTLPKEKTRFGEKGKVTKVNANNKTVTLQDGTTIGYKKLVSTMAVDFLAEAMNDQELVGLTKQLFYSSTHVIGVGVRGSRPERIGDKCWLYFPEDNCPFYRATIFSNYSPYNQPEASKKLPTMQLADGSRPQSTEAKEGPYWSIMLEVSESSMKPVNQETILADCIQGLVNTEMLKPTDEIVSTYHRRFDHGYPTPTLEREGALTQILPKLQDKDIWSRGRFGSWRYEVGNQDHSFMLGVEAVDNIVNGAVELTLNYPDFVNGRQNTERRLVDGAQVFAKSKAQLEHHHHHH,---------------------------------------------------------------------------------------------+--------+-++----------------------------------+---------------++--++---+----------+---++-------------------------------------------------------------------------------------------------------------------------------------+---------+-------------------------------------------------------------------------------------------+---------------------------------+-----------------------------------------------------------------,517.0,UDP
45,4cj8,M,MRIGILYICTGKYDIFWKDFYLSAERYFMQDQSFIIEYYVFTDSPKLYDEENNKHIHRIKQKNLGWPDNTLKRFHIFLRIKEQLERETDYLFFFNANLLFTSPIGKEILPPSDSNGLLGTMHPGFYNKPNSEFTYERRDASTAYIPEGEGRYYYAGGLSGGCTKAYLKLCTTICSWVDRDATNHIIPIWHDQSLINKYFLDNPPAITLSPAYLYPEGWLLPFEPIILIRDKNKPQYGGHELLRRK,-------+-+--+----------------------------------------------------+--+-----------------------+-++--------------------------------------------------------------------------------------------------------------------------------------+-------+---+--,245.0,UDP
46,4e7d,A,MDKFRVQGPTRLQGEVTISGAKNAALPILFAALLAEEPVEIQNVPKLKDIDTTMKLLTQLGTKVERXGSVWIDASNVNNFSAPYDLVKTMRASIWALGPLVARFGQGQVSLPGGCAIGARPVDLHIFGLEKLGAEIKLEEGYVKASVNGRLKGAHIVMDKVSVGATVTIMSAATLAEGTTIIENAAREPEIVDTANFLVALGAKISGQGTDRITIEGVERLGGGVYRVLPDRIETGTFLVAAAISGGKIVCRNAQPDTLDAVLAKLREAGADIETGEDWISLDMHGKRPKAVTVRTAPHPAFPTDMQAQFTLLNLVAEGTGVITETIFENRFMHVPELIRMGAHAEIESNTVICHGVEKLSGAQVMATDLRASASLVLAGCIAEGTTVVDRIYHIDRGYERIEDKLRALGANIERVKGE,------------------------------------------------------------------------------------------+----------------------------++++++----------------------------------+-+++---------------------------------------------------------------------------------------------------------------------------------------------------------------------------------------------------------------------------------------------------------------,419.0,UDP
47,4ee4,A,SLPACPEESPLLVGPMLIEFNMPVDLELVAKQNPNVKMGGRYAPRDCVSPHKVAIIIPFRNRQEHLKYWLYYLHPVLQRQQLDYGIYVINQAGDTIFNRAKLLNVGFQEALKDYDYTCFVFSDVDLIPMNDHNAYRCFSQPRHISVAMDKFGFSLPYVQYFGGVSALSKQQFLTINGFPNNYWGWGGEDDDIFNRLVFRGMSISRPNAVVGTTRHIRHSRDKKNEPNPQRFDRIAHTKETMLSDGLNSLTYQVLDVQRYPLYTQITVDIGTPS,---------------------------------------------------------+++-+----------------------------------+-------------------------+++-----------------------------------------------------------+--------------------------------+--+--+-------------------------------------------------,273.0,UDP
48,4fkz,A,KKLKVMTVFGTRPEAIKMAPLVLELKKYPEIDSYVTVTAQHRQMLDQVLDAFHIKPDFDLNIMKERQTLAEITSNALVRLDELFKDIKPDIVLVHGDTTTTFAGSLAAFYHQIAVGHVEAGLRTGNKYSPFPEELNRQMTGAIADLHFAPTGQAKDNLLKENKKADSIFVTGNTAIDALNTTVRDGYSHPVLDQVGEDKMILLTAHRRENLGEPMENMFKAIRRIVGEFEDVQVVYPVHLNPVVREAAHKHFGDSDRVHLIEPLEVIDFHNFAAKSHFILTDSGGVQEEAPSLGKPVLVLRDTTERPEGVEAGTLKLAGTDEENIYQLAKQLLTDPDEYKKMSQASNPYGDGEASRRIVEELLFHYGYRKEQPDSFTGKLEHHH,-----------++--+---------------------------------------------------------------------------------------------------------------------------------------------------------------------------------------------++-----------------------------+-------------------------+--+--++------------++++--+-----------------------------------------------------------------------------------------------,384.0,UDP
49,4ii9,A,PVLNLNDPQAVERYEEFMRQSPYGQVTQDLGWAKVKNNWEPVDVYLEDDQGAIIAAMSMLLGDTPTDKKFAYASKGPVMDVTDVDLLDRLVDEAVKALDGRAYVLRFDPEVAYSDEFNTTLQDHGYVTRNRNVADAGMHATIQPRLNMVLDLTKFPDAKTTLDLYPSKTKSKIKRPFRDGVEVHSGNSATELDEFFKTYTTMAERHGITHRPIEYFQRMQAAFDADTMRIFVAEREGKLLSTGIALKYGRKIWYMYAGSMDGNTYYAPYAVQSEMIQWALDTNTDLYDLGGIESESTDDSLYVFKHVFVKDAPREYIGEIDKVLDPEVYAELVKDGH,-----------------------------------+-++------------------------+-----+--------------------------------+--+-----------------------------------+--------------------------------------------------------------------+------------------------------------------------------------------------------------------------------------------------------,337.0,UDP
50,4irq,C,DIPEHWEEDASWGPHRLAVLVPFRERFEELLVFVPHMRRFLSRKKIRHHIYVLNQVDHFRFNRAALINVGFLESSNSTDYIAMHDVDLLPLNEELDYGFPEAGPFHVASPELHPLYHYKTYVGGILLLSKQHYRLCNGMSNRFWGWGREDDEFYRRIKGAGLQLFRPSGITTGYKTFRHLHDPAWRKRDQKRIAAQKQEQFKVDREGGLNTVKYHVASRTALSVGGAPCTVLNIMLDCDKTATPWCTFS,---------------------+++-+----------------------------------+-+---------------------+++----------------------------+-----------------------------+--------------------------------+-+------+-------------------------------------------------------------,249.0,UDP
51,4o4q,A,DVSFRLSGADPSSYGMFIKDLRNALPHTEKVYNIPLLLPSVSGAGRYLLMHLFNYDGNTITVAVDVTNVYIMGYLALTTSYFFNEPAADLASQYVFRSARRKITLPYSGNYERLQIAAGKPREKIPIGLPALDTAISTLLHYDSTAAAGALLVLIQTTAEAARFKYIEQQIQERAYRDEVPSSATISLENSWSGLSKQIQLAQGNNGVFRTPTVLVDSKGNRVQITNVTSNVVTSNIQLLLNTKNI,---------------------------------------------------------------------+++----------+-+-----------------------+++-------------------------------------------+---++--+-----------------------------------------------------------------------------------,246.0,UDP
52,4pqg,A,HHHMTIYNINLGIGWASSGVEYAQAYRAGVFRKLNLSSKFIFTDMILADNIQHLTANIGFDDNQVIWLYNHFTDIKIAPTSVTVDDVLAYFGGEESHREKNGKVLRVFFFDQDKFVTCYLVDENKDLVQHAEYVFKGNLIRKDYFSYTRYCSEYFAPKDNVAVLYQRTFYNEDGTPVYDILMNQGKEEVYHFKDKIFYGKQAFVRAFMKSLNLNKSDLVILDRETGIGQVVFEEAQTAHLAVVVHAEHYSENATNEDYILWNNYYDYQFTNADKVDFFIVSTDRQNEVLQEQFAKYTQHQPKIVTIPVGSIDSLTDSSQGRKPFSLITASRLAKEKHIDWLVKAVIEAHKELPELTFDIYGSGGEDSLLREIIANHQAEDYIQLKGHAELSQIYSQYEVYLTASTSEGFGLTLMEAIGSGLPLIGFDVPYGNQTFIEDGQNGYLIPSSSDHVEDQIKQAYAAKICQLYQENRLEAMRAYSYQIAEGFLTKEILEKWKKTVEEVLHD,-----------------++--+--------------------------------------------------------------------------------------------------------------------------------------------------------------------------------------------------------------------------------------------------------------------------------------------------------------------+----+-----------------------++-------------------------+--+-------------------+++--+-------------------------------------------------------------------------------------------,506.0,UDP
53,4qdi,A,VPLEPWTAQQLQQATQGYWHKDQIPQTEIKRILTDSRHAESGDAFLALKGERFDAHNFVAQVVANGCQVAIVERPIDAEIAQLVVADTRLALGQLGAYRREQNAQLKVIALTGSSGKTTTKEMLGSILSRLAPTLITRGNLNNDLGVPMMLLELRKEHQYAVMELGANHQGEIDYTSKIVQPHVAGILNIGTAHLGEFGGRDGICRAKSEIYRHILPQGVAIVPQQDDFTAEIREAAKSHQIMSFGEGGDVFATEIELLPQSANFQLHTPQGSSFVRLPFAGEHNVQNATAAVAFALALGVSLEDIVKGLEQAQGAKGRLNFIQKAPHLFIDDTYNANPTSMRAAAQVLLQQNGIKVMVMGDIGELGDSSWQEHHDLGRDLAELPLDHIVAVGQFASAALEGAGLHSTKLKAFQTQAEALPFLINLIQTHQPQSMSFLFKGSRFTHMETLMADLMEK,---------------------------------+-------------+----+-----------------------------------+-------------------------------------------------------+------------------------------------------------------------------------------------------------------------------------------------------------------------------------------------------------------------------------------------------------------------------------------------------------------------------------,457.0,UDP
54,4ukd,A,SKPNVVFVLGGPGSGKGTQCANIVRDFGWVHLSAGDLLRQEQQSGSKDGEMIATMIKNGEIVPSIVTVKLLKNAIDANQGKNFLVDGFPRNEENNNSWEENMKDFVDTKFVLFFDCPEEVMTQRLLKRGESSGRSDDNIESIKKRFNTFNVQTKLVIDHYNKFDKVKIIPANRDVNEVYNDVENLFKSMGF,-----------+---+-----------------++--++---------------++----++----+-------------------++---------------------------------------------+-+--------+----------------------------------------------,191.0,UDP
55,4wmb,A,VVPVDYHLLMMFTKAEHNAPLQAKARVALSSLLRLAKFEAHEVLNLHFVSEEASREVAKALLRELLPPAAGFKCKVIFHDVAVLTDKLFPVVEAMQKYFSAGSGTYYSDSIFFLSVAMHQIMPKEIPRIIQLDLDLKYKTNIRELFEEFDNFLPGAVIGIAREMQPVYRHTFWQFRHENPKTRVGDPPPEGLPGFNSGVMLLNLEAMRQSPLYSHLLEPSWVQQLADKYHFRGHLGDQDFFTMIGMEHPELFHVLDCTWNRQLCTWWRDHGYSDVFQAYFRCEGHVKIYHGNCNTPIPE,----------+++-------+---------------------------------------------------------------------------------------------------------------+++----------------------------------------------------------------------------------------------------------------------------------------------------------+-++------,299.0,UDP
56,5bju,A,SIEDLLARKPKDLDDSAVAAFLKDKVVLVSGAGGTIGSELCKQCIKFGAKHLIMVDHSEYNLYKINDDLNLYKEKITPILLSILDKQSLDEVLKTYKPELILHAAAYKHVPLCEQNPHSAVINNILGTKILCDSAKENKVAKFVMISTDKAVRPTNIMGCTKRVCELYTLSMSDENFEVACVRFGNVLGSSGSVIPKFKAQIANNEPLTLTHPDIVRYFMLVAEAVQLVLQAGAIAKGGELFVLDMGKPVKIIDLAKKMLLLSNRNDLEIKITGLRKGEKLYEELLIDENDAKTQYESIFVAKNEKVDLDWLNKEIENLQICEDISEALLKIVPEFKHNK,-----------------------------------------------------------------------------------------------------------------------------------------------------+-----------------------------------+------++--++----------+++---+-+----------------------------------+-----------------------+--+-------------------------------------------------------------,340.0,UDP
57,5bxc,A,AIGEFMVSLPRMVYPQPKVLTPCRKDVLVVTPWLAPIVWEGTFNIDILNEQFRLQNTTIGLTVFAIKKYVAFLKLFLETAEKHFMVGHRVHYYVFTDQPAAVPRVTLGTGRQLSVLEVRAYKRWQDVSMRRMEMISDFCERRFLSEVDYLVCVDVDMEFRDHVGVEILTPLFGTLHPGFYGSSREAFTYERRPQSQAYIPKDEGDFYYLGGFFGGSVQEVQRLTRACHQAMMVDQANGIEAVWHDESHLNKYLLRHKPTKVLSPEYLWDQQLLGWPAVLRKLRFTAVPKNHQAVRNP,---------------------------------------------------------------+-++-+---------------------------------------------------------++--+----------------------+++------------------------------------------------------------------------------------------------------------------------------------+-----+--,297.0,UDP
58,5cnt,A,NLLVTKRDGSTERINLDKIHRVLDWAAEGLHNVSISQVELRSHIQFYDGIKTSDIHETIIKAAADLISRDAPDYQYLAARLAIFHLRKKAYGQFEPPALYDHVVKMVEMGKYDNHLLEDYTEEEFKQMDTFIDHDRDMTFSYAAVKQLEGKYLVQNRVTGEIYESAQFLYILVAACLFSNYPRETRLQYVKRFYDAVSTFKISLPTPIMSGVRTPTRQFSSCVLIECGDSLDSINATSSAIVKYVSQRAGIGINAGRIRALGSPIRGGEAFHTGCIPFYKHFQTAVKSCSQGGVRGGAATLFYPMWHLEVESLLVLKNNRGVEGNRVRHMDYGVQINKLMYTRLLKGEDITLFSPSDVPGLYDAFFADQEEFERLYTKYEKDDSIRKQRVKAVELFSLMMQERASTGRIYIQNVDHCNTHSPFDPAIAPVRQSNLCLEIALPTKPLNDVNDENGEIALCTLSAFNLGAINNLDELEELAILAVRALDALLDYQDYPIPAAKRGAMGRRTLGIGVINFAYYLAKHGKRYSDGSANNLTHKTFEAIQYYLLKASNELAKEQGACPWFNETTYAKGILPIDTYKKDLDTIANEPLHYDWEALRESIKTHGLRNSTLSALMPSETSSQISNATNGIEPPRGYVSIKASKDGILRQVVPDYEHLHDAYELLWEMPGNDGYLQLVGIMQKFIDQSISANTNYDPSRFPSGKVPMQQLLKDLLTAYKFGVKTLYYQNTRDG,------------------------------------------------------------------------------------------------------------------------------------------------------------------------------------------------------------++--------------++---------------------------+----------------------------------------+---+------------------------------------------------------------------------------------------------------------------------------------------+++-+----------------------+-----------------------------------------------------------------------------------------------------------------------------------------------------------++++++----------------------------------------------------------------------------------------------------------------,734.0,UDP
59,5djs,A,MTTRDAATIKALLSHAHEAQRSGDVLASERACWRVLQIAPDNSEALHLLGLLHGECGNYGLAATLLRRAVALDPGEASYHYNLGNVLVASGQVERGITSLHHALELRPDYHRAHSGLYVALHYSALYDPRARHILALDWARRYADPLTPVPATPVDPDPHRRLRIGYVSGELRCHPVGYFLEPVIEAHDRTAYEVYCYSNDPRSDALTDRLRALSDRWRDVWPLTDAELCELVRRDGIDILVDLSWHLGMHRLFAFARRPAPVQVTWLAAINTTGMRAMDYLVGDQHLCPPGSDELYTERLVRLSRFYLPCNPPPDLPGWAPADGFPVFGCFNRLSMIGPEVLDLWAKILLALPRARLRLIATGLQDPVTSSRLMRALEGRGVAGERLELLSPMPRTDLLATYNDIDVALDTLPYSGCTTSLEALWMGVPVVTLEGADMAGRATSSLLRWAGLQELVSRTQEEYIDIALGLGRDLGTLARLREHLRRWLRSVSMSDQGSFTAELEDAYRRMWRDACQTAA,--------------------------------------------------------------------------------------------------------------------------------------------------------------------------------------------------------------------------------------------------------------------------------------------------------------------------------------------++--+-----------------------+-------------------------------+--+--+-----------------++++--+-------------------------------------------------------------------------------------------------,520.0,UDP
60,5er9,A,STGNFDLFVVGSGFFGLTIAERAATQLGKRVLVIERRPHIGGNAYSEPEPETGIEVHKYGAHLFHTSNKRVWDYVRQFTDFTGYQHRVFAMHNGQAYQFPMGLGLVSQFFGRYFSPDEARALIAEQASEIDTKDAKNFEEKAISLVGRPLYEAFIKHYTAKQWQTDPKDLPASNITRLPVRYTFDNRYFNDTYEGLPVEGYTKWLENMAADERIEVRLDTDWFDVRDDLRAANPDAPVVYTGPLDRYFDYAEGRLGWRTLDFELEVLETGDFQGTPVMNYNDLDVPYTRIHEFRHFHPERTYPTDKTVIMREYSRFADNDDEPYYPINTEADRAVLAAYRARAKAETASAKVLFGGRLGTYQYLDMHMAIASALSMFDNVLAPHLSEGASLVTE,--------------------------------------------------------------------------------------------------+-------------------------------------------------------+--++--+-------------------------+------------------------------------------------------------------------------------------+-+-------+-----------------------------------+---------------------------------------------------------------------,394.0,UDP
61,5f84,A,NEDEFSFKIRRQIEKANADYKPCSSDPQDSDCSCHANVLKRDLAPYKSTGVTRQMIESSARYGTKYKIYGHRLYRDANCMFPARCEGIEHFLLPLVATLPDMDLIINTRDYPQLNAAWGNAAGGPVFSFSKTKEYRDIMYPAWTFWAGGPATKLHPRGIGRWDQMREKLEKRAAAIPWSQKRSLGFFRGSRTSDERDSLILLSRRNPELVEAQYTKNQGWKSPKDTLDAPAADEVSFEDHCKYKYLFNFRGVAASFRLKHLFLCKSLVFHVGDEWQEFFYDQLKPWVHYVPLKSYPSQQEYEHILSFFKKNDALAQEIAQRGYDFIWEHLRMKDIKCYWRKLLKRYVKLLQYEVKPEDQLIYIGP,-----------------------------------------------------------------------------------------------------------------------------------------------------+-+------+----------------------------+++-+---+-------------------------------------+--+-------------+---+++------------------------------------------------------------------------------------------------------------,365.0,UDP
62,5gvv,A,NTKRAVVFAGDYAYIRQIETAXKSLCRHNSHLKIYLLNQDIPQEWFSQIRIYLQEXGGDLIDCKLIGSQFHXTFARYFIPDFVTEDKVLYLDSDLIVTGDLTDLFELDLGENYLAAARSCFGAGVGFNAGVLLINNKKWGSETIRQKLIDLTEKEHENVEEGDQSILNXLFKDQYSSLEDQYNFQIGYDYGAATFKHQFIFDIPLEPLPLILHYISQDKPWNQFSVGRLREVWWEYSLXDWSVILNEWFSKSVKYPSKSQIFKLQCVNLTNSWCVEKIDYLAEQLPEVHFHIVAYTNXANELLALTRFPNVTVYPNSLPXLLEQIVIASDLYLDLNHDRKLEDAYEFVLKYKKPXIAFDNTCSENLSEISYEGIYPSSIPKKXVAAIRSYXR,--------+++--+----------------------------------------------------------+--+---------------+++----------------------------------------------------------------------------------------------------------------------+-++--+-----------------------------------------------------------------------------------------------------------------------------------------------------------------------------,392.0,UDP
63,5huu,A,GKVLVVSNRIPVTIKRLDNGSYDYSMSSGGLVTALQGLKKTTEFQWYGWPGLEIPEDEQTKVNDELKSKFNCTAIFLSDTIADLHYNGFSNSILWPLFHYHPGEMNFDENAWAAYIEANKKFALEIVKQVNDDDMIWVHDYHLMLLPEMLRQEIGNKKKNIKIGFFLHTPFPSSEIYRILPVRKEILEGVLSCDLIGFHTYDYARHFISSVSRIVPNVSTLPNGIKYQGRSISIGAFPIGIDVDNFIDGLKKDSVVERIKQLKSKFKDVKVIVGVDRLDYIKGVPQKLHAFEVFLNENPEWIGKVVLVQVAVPSRGDVEEYQSLRSTVSELVGRINGEFGTVEFVPIHYLHKSIPFDELISLYNISDVCLVSSTRDGMNLVSYEYIACQQDRKGVLILSEFAGAAQSLNGALIVNPWNTEDLSEAIKESLTLPEEKREFNFKKLFTYISKYTSGFWGESFVKELYKCNP,----------------------------------------------------------------------------------------------------------------------------------------------------------------------------------------------------------------------------------------------------------------------------------+-+----+-----------------------------+----------------------------------------++----+-------------------+++--+-------------------------------------------------------------------------------------,469.0,UDP
64,5lvv,A,HHVPYSSAQSTSKTSVTLSLGGGTHADSLNNLANIKREQGNIEEAVRLYRKALEVFPEFAAAHSNLASVLQQQGKLQEALMHYKEAIRISPTFADAYSNMGNTLKEMQDVQGALQCYTRAIQINPAFADAHSNLASIHKDSGNIPEAIASYRTALKLKPDFPDAYCNLAHCLQIVCDWTDYDERMKKLVSIVADQLEKNRLPSVHPHHSMLYPLSHGFRKAIAERHGNLCLDKINVLHKPPYEHPKDLKLSDGRLRVGYVSSDFGNHPTSHLMQSIPGMHNPDKFEVFCYALSPDDGTNFRVKVMAEANHFIDLSQIPCNGKAADRIHQDGIHILVNMNGYTKGARNELFALRPAPIQAMWLGYPGTSGALFMDYIITDQETSPAEVAEQYSEKLAYMPHTFFIGDHANMFPHLKKKAVIDFKSNGHIYDNRIVLNGIDLKAFLDSLPDVKIVKNMPVIPMNTIAEAVIEMINRGQIQITINGFSISNGLATTQINNKAATGEEVPRTIIVTTRSQYGLPEDAIVYCNFNQLYKIDPSTLQMWANILKRVPNSVLWLLRFPAVGEPNIQQYAQNMGLPQNRIIFSPVAPKEEHVRRGQLADVCLDTPLCNGHTTGMDVLWAGTPMVTMPGETLASRVAASQLTCLGCLELIAKNRQEYEDIAVKLGTDLEYLKKVRGKVWKQRISSPLFNTKQYTMELERLYLQMWEHYAAGNKPDHMIK,--++++---------------------------------------------------------------------------------------------------------------------------------------------------------------------------------------------------------------------------------------------------------------------+--+-------------------------------------------------------------------------------------------------------------------------------------------------------------------------------------------------------------------------------------------------------------------+--+-----------------------+----------------------------++-+--+--+---------------+++--+-------------------------------------------------------------------------------------------------------,720.0,UDP
65,5n80,A,AMKIAFIGEAVSGFGGMETVISNVIHTFENSSPKINCEMFFFCRNDKMDKAWLKEIKYAQSFSNIKLSFLRRAKHVYNFSQWLKETSPDIVICIDVISCLYANKARKKSGKHFTIFSWPHFSLDHKKHAECITYADYHLAISSGIKEQIMARGISAQDISVVYNPVSIKTVIVPPPERDKPAVFLYVGRLKFEGQKRVKDLFDGLARTTGEWQLHIIGDGSDFEKCQAYSRELGIEQRVIWYGWQSAPWQVVQQKIKNVTALLLTSAFEGFPMTLLEAMSYGIPCISSDCMSGPRDMIKPGLNGELYTPGAIDDFVGHLNRVISGEVKYQHDIIPGTIERFYDVLYFKNFNNAIFSKL,------------------------------------------------------------------------------------------------------------------------------------------------------------------------------------------+++------+--------------------++-------------------------+-+-+-------------------------+--+---------------------------------------------------------------------------------,358.0,UDP
66,5ndf,A,KVRWPDFNQEAYVGGTMVRSGQDPYARNKFNQVESDKLRMDRAIPDTRHDQCQRKQWRVDLPATSVVITFHNEARSALLRTVVSVLKKSPPHLIKEIILVDDYSNDPEDGALLGKIEKVRVLRNDRREGLMRSRVRGADAAQAKVLTFLDSHCECNEHWLEPLLERVAEDRTRVVSPIIDVINMDNFQYVGASADLKGGFDWNLVFKWDYMTPEQRRSRQGNPVAPIKTPMIAGGLFVMDKFYFEELGKYDMMMDVWGGENLEISFRVWQCGGSLEIIPCSRVGHVFRKQHPYTFPGGSGTVFARNTRRAAEVWMDEYKNFYYAAVPSARNVPYGNIQSRLELRKKLSCKPFKWYLENVYPELRVPDHQDIAFGALQQGTNCLDTLGHFADGVVGVYECHNAGGNQEWALTKEKSVKHMDLCLTVVDRAPGSLIKLQGCREDDSRQKWEQIEGNSKLRHVGSNLCLDSRTAKSGGLSVEVCGPALSQQWKFTLNL,--------------------------------------------------------------------+++------------------------------+------------------------+-++-------------------+++-------------------------------------------------------------------------------------------------------++------------------------------+----+----------------------------------------------------------------------------------------------------------------------------------------------------------------------------------------------------------,495.0,UDP
67,6eyt,A,SGSANFAGVEYPLLPLDQHTPLLFQWFERNPSRFGENQIPIINTQQNPYLNNIINAAIIEKERTIGVLVDGNFSAGQKKALAKLEKQYENIKVIYNSDLDYSMYDKKLSDIYLENIAKIEAQPANVRDEYLLGEIKKSLNEVLKNNPEESLVSSHDKRLGHVRFDFYRNLFLLKGSNAFLEAGKHGCHHLQPGGGCIYLDADMLLTGKLGTLYLPDGIAVHVSRKGNSMSLENGIIAVNRSEHPALKKGLEIMHSKPYGDPYIDGVCGGLRHYFNCSIRHNYEEFCNFIEFKHEHIFMDTSSLTISSWR,------------------------+++-+-------------------+------------------------------------------------------------------------------------------------------------------+---+-----------------------------+-+++------------------------------------------------------------------------------------------------+-+----++++,309.0,UDP
