# total_frames:1 beg:0 end:0 stride:1 interaction_types:hp,sb,pc,ps,ts,vdw,hb
# Columns: frame, interaction_type, atom_1, atom_2[, atom_3[, atom_4]]
0	sb	A:ASP:168:OD2	A:LYS:164:NZ
0	sb	A:ASP:71:OD2	A:LYS:105:NZ
0	sb	A:GLU:32:OE2	A:LYS:30:NZ
0	sb	A:ARG:87:NH2	A:ASP:15:OD1
0	sb	A:GLU:99:OE2	A:LYS:143:NZ
0	sb	A:GLU:140:OE2	A:LYS:136:NZ
0	sb	A:ARG:89:NH2	A:ASP:112:OD1
0	sb	A:GLU:99:OE1	A:LYS:143:NZ
0	sb	A:ARG:44:NH2	A:GLU:146:OE1
0	sb	A:GLU:146:OE1	A:LYS:149:NZ
0	sb	A:ASP:98:OD2	A:LYS:143:NZ
0	sb	A:ARG:44:NH1	A:ASP:43:OD2
0	sb	A:ASP:103:OD2	A:LYS:105:NZ
0	sb	A:GLU:140:OE1	A:LYS:136:NZ
0	sb	A:ARG:87:NH2	A:ASP:15:OD2
0	sb	A:ASP:103:OD1	A:LYS:105:NZ
0	pc	A:LYS:105:NZ	A:PHE:139:CE1
0	pc	A:ARG:87:NH2	A:HIS:111:CD2
0	pc	A:LYS:35:NZ	A:PHE:58:CE1
0	pc	A:ARG:44:NH2	A:TYR:142:CE1
0	pc	A:ARG:87:NH1	A:HIS:111:CD2
0	pc	A:LYS:143:NZ	A:TYR:142:CE1
0	ps	A:TYR:52:CE1	A:TYR:56:CE1
0	ps	A:PHE:138:CE1	A:TYR:142:CE1
0	vdw	A:ALA:171:O	A:LYS:174:N
0	vdw	A:ALA:171:O	A:LYS:175:N
0	vdw	A:ASN:172:O	A:LYS:174:N
0	vdw	A:ASN:172:O	A:LYS:175:N
0	vdw	A:ASN:172:O	A:LYS:175:CA
0	vdw	A:ALA:171:O	A:LYS:174:CA
0	vdw	A:LYS:175:N	A:PHE:173:C
0	vdw	A:ALA:171:C	A:PHE:173:N
0	vdw	A:ALA:171:O	A:PHE:173:N
0	vdw	A:ASN:172:C	A:LYS:174:N
0	vdw	A:ASN:172:C	A:LYS:175:N
0	vdw	A:ALA:171:C	A:ASP:168:O
0	vdw	A:LYS:174:N	A:VAL:170:O
0	vdw	A:LYS:175:N	A:PHE:173:O
0	vdw	A:LYS:174:CG	A:VAL:170:O
0	vdw	A:LYS:174:CD	A:VAL:170:O
0	vdw	A:ASN:172:CB	A:ASP:168:O
0	vdw	A:ASN:172:CG	A:ASP:168:O
0	vdw	A:ASN:172:OD1	A:ASP:168:O
0	vdw	A:ASN:172:ND2	A:ASP:168:O
0	vdw	A:ASN:172:CB	A:LEU:63:O
0	vdw	A:ASN:172:ND2	A:LEU:63:O
0	vdw	A:LEU:63:CB	A:PHE:173:CA
0	vdw	A:GLY:67:C	A:LEU:63:CD1
0	vdw	A:GLY:67:O	A:LEU:63:CD1
0	vdw	A:GLY:67:CA	A:LEU:63:CD1
0	vdw	A:GLY:169:O	A:PHE:173:N
0	vdw	A:ASN:172:N	A:ASP:168:O
0	vdw	A:ASN:172:N	A:VAL:170:C
0	vdw	A:ASN:172:CA	A:ASP:168:O
0	vdw	A:GLY:169:O	A:PHE:173:CB
0	vdw	A:GLY:169:O	A:LEU:63:N
0	vdw	A:PHE:173:N	A:VAL:170:O
0	vdw	A:GLY:169:O	A:THR:62:CA
0	vdw	A:GLY:169:O	A:THR:62:C
0	vdw	A:THR:167:O	A:VAL:170:N
0	vdw	A:ALA:171:N	A:THR:167:O
0	vdw	A:ALA:171:CB	A:THR:167:O
0	vdw	A:ASP:168:O	A:VAL:170:N
0	vdw	A:ALA:171:N	A:ASP:168:O
0	vdw	A:ALA:171:CA	A:ASP:168:O
0	vdw	A:ALA:171:CB	A:ASP:168:O
0	vdw	A:GLY:169:N	A:THR:167:O
0	vdw	A:ILE:166:O	A:VAL:170:N
0	vdw	A:ASP:168:C	A:VAL:170:N
0	vdw	A:ALA:171:N	A:GLY:169:C
0	vdw	A:GLN:61:C	A:PHE:173:CG
0	vdw	A:GLN:61:O	A:PHE:173:CG
0	vdw	A:PHE:173:CD1	A:THR:62:O
0	vdw	A:GLN:61:C	A:PHE:173:CB
0	vdw	A:GLN:61:C	A:PHE:173:CD2
0	vdw	A:GLN:61:O	A:PHE:173:CB
0	vdw	A:GLN:61:O	A:PHE:173:CD2
0	vdw	A:PHE:173:CB	A:VAL:170:O
0	vdw	A:GLN:61:CA	A:PHE:173:CD2
0	vdw	A:PHE:173:CB	A:THR:62:CA
0	vdw	A:PHE:173:CB	A:THR:62:C
0	vdw	A:ALA:36:CB	A:ASP:34:OD1
0	vdw	A:GLN:61:CA	A:PHE:173:CE2
0	vdw	A:GLN:61:CG	A:PHE:173:CE2
0	vdw	A:GLN:61:CD	A:VAL:6:O
0	vdw	A:LEU:12:CD1	A:VAL:170:CG2
0	vdw	A:ALA:36:N	A:ASP:34:C
0	vdw	A:ALA:36:N	A:ASP:34:O
0	vdw	A:ALA:36:C	A:GLY:38:N
0	vdw	A:ALA:36:N	A:ASP:34:OD1
0	vdw	A:ALA:36:CA	A:ASP:34:OD1
0	vdw	A:ALA:36:C	A:ASP:34:OD1
0	vdw	A:SER:4:C	A:VAL:6:N
0	vdw	A:GLN:61:OE1	A:SER:4:O
0	vdw	A:ASN:5:N	A:PHE:3:C
0	vdw	A:ASN:5:N	A:PHE:3:O
0	vdw	A:ASN:5:N	A:SER:2:O
0	vdw	A:GLN:61:OE1	A:VAL:6:O
0	vdw	A:PHE:3:O	A:VAL:6:N
0	vdw	A:ASN:5:O	A:PRO:7:CD
0	vdw	A:ASN:5:O	A:PRO:7:N
0	vdw	A:GLY:67:N	A:SER:64:O
0	vdw	A:GLY:65:C	A:GLY:67:N
0	vdw	A:ASP:66:C	A:ASP:68:N
0	vdw	A:ASP:66:O	A:ASP:68:N
0	vdw	A:ASP:66:N	A:SER:64:C
0	vdw	A:ASP:66:N	A:SER:64:O
0	vdw	A:ASP:68:O	A:SER:64:CA
0	vdw	A:ASP:168:N	A:LYS:164:O
0	vdw	A:ASP:168:CA	A:LYS:164:O
0	vdw	A:ASP:168:CB	A:LYS:164:O
0	vdw	A:ASP:168:CG	A:LYS:164:O
0	vdw	A:ASP:168:OD1	A:LYS:164:O
0	vdw	A:ASP:168:OD2	A:LYS:164:O
0	vdw	A:ASP:168:N	A:ILE:166:C
0	vdw	A:ASP:168:N	A:ILE:166:O
0	vdw	A:ASP:168:OD2	A:LYS:164:NZ
0	vdw	A:LYS:164:O	A:THR:167:N
0	vdw	A:ILE:166:N	A:LYS:164:O
0	vdw	A:ASP:66:OD1	A:ASP:68:N
0	vdw	A:ASP:66:OD1	A:ASP:68:CA
0	vdw	A:ASP:68:O	A:LEU:63:C
0	vdw	A:ASP:68:O	A:SER:64:N
0	vdw	A:ASP:68:O	A:SER:64:CB
0	vdw	A:ASP:66:OD1	A:ASP:68:O
0	vdw	A:GLY:169:C	A:LEU:63:N
0	vdw	A:GLY:169:CA	A:LEU:63:O
0	vdw	A:GLY:169:CA	A:ILE:166:O
0	vdw	A:GLY:169:C	A:ILE:166:O
0	vdw	A:GLY:169:C	A:THR:62:CA
0	vdw	A:GLY:169:C	A:THR:62:CB
0	vdw	A:GLU:165:O	A:GLY:169:N
0	vdw	A:GLY:169:N	A:ILE:166:C
0	vdw	A:GLY:169:N	A:ILE:166:O
0	vdw	A:GLY:169:N	A:THR:167:C
0	vdw	A:ILE:166:O	A:VAL:170:CG2
0	vdw	A:HIS:163:O	A:THR:167:N
0	vdw	A:HIS:163:O	A:THR:167:CB
0	vdw	A:HIS:163:O	A:THR:167:OG1
0	vdw	A:PRO:13:CG	A:THR:167:OG1
0	vdw	A:GLU:165:C	A:THR:167:N
0	vdw	A:PRO:69:CA	A:THR:62:O
0	vdw	A:PHE:58:CD1	A:PRO:69:CG
0	vdw	A:LYS:35:NZ	A:PRO:69:CG
0	vdw	A:THR:62:CG2	A:VAL:170:CG2
0	vdw	A:PRO:60:C	A:THR:62:N
0	vdw	A:PRO:60:O	A:THR:62:N
0	vdw	A:ILE:59:O	A:THR:62:CB
0	vdw	A:ILE:59:O	A:THR:62:OG1
0	vdw	A:ILE:59:CG2	A:THR:62:CG2
0	vdw	A:PRO:69:CA	A:THR:62:OG1
0	vdw	A:PRO:69:C	A:THR:62:OG1
0	vdw	A:PRO:69:CB	A:THR:62:OG1
0	vdw	A:THR:62:OG1	A:VAL:70:N
0	vdw	A:THR:62:OG1	A:VAL:70:CB
0	vdw	A:ILE:166:CG2	A:PRO:13:CA
0	vdw	A:ILE:166:CG2	A:PRO:13:CB
0	vdw	A:HIS:163:O	A:PRO:13:CB
0	vdw	A:ILE:166:CB	A:PRO:13:CB
0	vdw	A:GLN:14:N	A:LEU:12:C
0	vdw	A:HIS:163:CB	A:PRO:13:CG
0	vdw	A:HIS:163:CG	A:PRO:13:CG
0	vdw	A:ASP:34:CG	A:LEU:37:CB
0	vdw	A:ASP:34:CG	A:LEU:37:CG
0	vdw	A:ASP:34:CG	A:LEU:37:CD1
0	vdw	A:ASP:34:OD2	A:LEU:37:CG
0	vdw	A:ASP:34:CG	A:LEU:37:N
0	vdw	A:LYS:35:CG	A:PHE:3:CB
0	vdw	A:LYS:35:CD	A:PHE:58:CE1
0	vdw	A:LYS:35:CD	A:PHE:58:CZ
0	vdw	A:ALA:33:O	A:LYS:35:CE
0	vdw	A:ALA:8:CA	A:PRO:60:O
0	vdw	A:ALA:8:CB	A:PRO:60:O
0	vdw	A:PRO:60:CB	A:VAL:6:O
0	vdw	A:ILE:59:O	A:PRO:69:CB
0	vdw	A:ALA:8:O	A:PHE:16:CA
0	vdw	A:ALA:8:O	A:PHE:16:CB
0	vdw	A:ALA:8:O	A:PHE:16:C
0	vdw	A:ALA:8:O	A:ASN:17:N
0	vdw	A:ALA:8:O	A:ILE:59:CG2
0	vdw	A:ALA:8:CB	A:ILE:59:CG2
0	vdw	A:ASP:11:O	A:ASP:15:N
0	vdw	A:ASP:11:O	A:ASP:15:CA
0	vdw	A:ASP:11:O	A:GLN:14:CD
0	vdw	A:ASP:11:O	A:ASP:15:CB
0	vdw	A:ASP:11:CB	A:ASP:15:CB
0	vdw	A:ASP:11:C	A:ASP:15:O
0	vdw	A:ASP:11:O	A:ASP:15:O
0	vdw	A:ASP:11:O	A:GLN:14:N
0	vdw	A:ASP:11:O	A:GLN:14:OE1
0	vdw	A:ASP:11:CG	A:GLN:14:NE2
0	vdw	A:ASP:34:OD1	A:LEU:37:CA
0	vdw	A:ASP:34:OD1	A:LEU:37:CB
0	vdw	A:ASP:34:OD1	A:LEU:37:CG
0	vdw	A:ASP:34:OD1	A:LEU:37:N
0	vdw	A:ASP:34:CB	A:LEU:37:CB
0	vdw	A:ASP:34:CB	A:LEU:37:CG
0	vdw	A:ASP:34:O	A:LEU:37:N
0	vdw	A:ASP:34:O	A:GLY:38:N
0	vdw	A:LEU:37:N	A:LYS:35:C
0	vdw	A:ASP:34:O	A:GLY:38:CA
0	vdw	A:ASP:34:CB	A:LEU:39:O
0	vdw	A:ASP:34:O	A:LEU:39:N
0	vdw	A:ASP:34:CB	A:VAL:41:CG2
0	vdw	A:SER:2:C	A:SER:4:N
0	vdw	A:SER:2:O	A:SER:4:N
0	vdw	A:PRO:60:CG	A:VAL:6:O
0	vdw	A:PRO:60:CG	A:VAL:6:CB
0	vdw	A:PRO:60:CG	A:VAL:6:CG1
0	vdw	A:PRO:60:CG	A:PRO:7:O
0	vdw	A:GLY:9:N	A:PRO:7:C
0	vdw	A:GLY:9:N	A:PRO:7:O
0	vdw	A:ASN:17:ND2	A:PRO:7:O
0	vdw	A:ASN:17:CB	A:PRO:7:O
0	vdw	A:ASP:11:N	A:GLY:9:C
0	vdw	A:ASP:15:OD2	A:LYS:10:CB
0	vdw	A:ASP:15:O	A:GLY:9:CA
0	vdw	A:GLY:9:CA	A:PHE:16:CA
0	vdw	A:ASP:15:O	A:GLY:9:C
0	vdw	A:ASP:15:O	A:LYS:10:N
0	vdw	A:ASP:11:N	A:ASP:15:O
0	vdw	A:LEU:37:C	A:LEU:39:N
0	vdw	A:LEU:37:O	A:LEU:39:N
0	vdw	A:GLY:38:C	A:PHE:3:CE2
0	vdw	A:SER:2:O	A:VAL:6:CG2
0	vdw	A:ARG:87:CZ	A:LYS:10:CD
0	vdw	A:ARG:87:NH2	A:LYS:10:CD
0	vdw	A:ASP:66:OD1	A:ASP:68:CB
0	vdw	A:ASP:66:OD1	A:ASP:68:CG
0	vdw	A:GLU:165:OE2	A:SER:64:OG
0	vdw	A:ALA:162:O	A:GLU:165:CA
0	vdw	A:ALA:162:O	A:GLU:165:CB
0	vdw	A:ALA:161:O	A:GLU:165:CB
0	vdw	A:GLU:165:CG	A:LEU:106:CD1
0	vdw	A:ASP:160:O	A:LYS:164:N
0	vdw	A:ALA:162:O	A:LYS:164:N
0	vdw	A:ALA:162:O	A:GLU:165:N
0	vdw	A:GLU:165:N	A:HIS:163:C
0	vdw	A:GLU:165:N	A:HIS:163:O
0	vdw	A:ALA:161:O	A:LYS:164:N
0	vdw	A:ALA:161:O	A:LYS:164:CB
0	vdw	A:ALA:161:O	A:GLU:165:N
0	vdw	A:ALA:162:C	A:LYS:164:N
0	vdw	A:ASP:160:O	A:HIS:163:CB
0	vdw	A:ALA:162:N	A:ASP:160:O
0	vdw	A:ASP:71:N	A:PRO:69:O
0	vdw	A:LEU:106:CD2	A:VAL:70:CG1
0	vdw	A:ALA:162:O	A:ILE:166:N
0	vdw	A:HIS:163:O	A:ILE:166:N
0	vdw	A:HIS:163:O	A:ILE:166:CA
0	vdw	A:ILE:166:N	A:LYS:164:C
0	vdw	A:ALA:162:O	A:ILE:166:CB
0	vdw	A:HIS:163:O	A:ILE:166:CB
0	vdw	A:HIS:163:N	A:ILE:159:O
0	vdw	A:ASP:160:O	A:HIS:163:N
0	vdw	A:ALA:161:C	A:HIS:163:N
0	vdw	A:ALA:161:O	A:HIS:163:N
0	vdw	A:HIS:163:CB	A:ILE:159:O
0	vdw	A:HIS:163:CG	A:ILE:159:O
0	vdw	A:HIS:163:ND1	A:ILE:159:CG2
0	vdw	A:PHE:58:CB	A:PRO:69:CB
0	vdw	A:PHE:58:CB	A:VAL:70:O
0	vdw	A:PHE:58:CD1	A:PRO:69:CB
0	vdw	A:PHE:58:C	A:VAL:70:O
0	vdw	A:ILE:59:N	A:VAL:70:O
0	vdw	A:ILE:59:CG1	A:VAL:72:CG2
0	vdw	A:PHE:58:CA	A:VAL:70:O
0	vdw	A:ILE:166:CG1	A:ILE:59:CD1
0	vdw	A:ILE:59:CD1	A:PHE:16:CD1
0	vdw	A:ALA:162:O	A:ILE:166:CG1
0	vdw	A:ILE:166:CG1	A:LEU:106:CD2
0	vdw	A:ILE:166:CD1	A:PRO:13:O
0	vdw	A:PHE:16:CD2	A:PRO:13:O
0	vdw	A:ILE:166:CD1	A:PHE:16:CD2
0	vdw	A:ILE:166:CD1	A:PHE:16:CE2
0	vdw	A:ASP:15:N	A:PRO:13:C
0	vdw	A:ASP:15:N	A:PRO:13:O
0	vdw	A:ILE:166:CD1	A:LEU:106:CD2
0	vdw	A:GLN:14:CA	A:HIS:163:NE2
0	vdw	A:GLN:14:CB	A:HIS:163:CE1
0	vdw	A:GLN:14:CB	A:HIS:163:NE2
0	vdw	A:ALA:33:C	A:LEU:39:O
0	vdw	A:ASP:34:N	A:LEU:39:O
0	vdw	A:ASP:34:CA	A:LEU:39:O
0	vdw	A:ASP:34:N	A:GLU:32:O
0	vdw	A:ALA:33:CA	A:LEU:40:CD2
0	vdw	A:ALA:33:CB	A:PHE:58:CE2
0	vdw	A:GLU:21:CD	A:PHE:58:CE2
0	vdw	A:GLU:21:OE2	A:PHE:58:CE2
0	vdw	A:ILE:19:CG2	A:PHE:58:CE2
0	vdw	A:GLU:21:CD	A:PHE:58:CD2
0	vdw	A:GLU:21:OE2	A:PHE:58:CD2
0	vdw	A:PHE:58:O	A:PRO:60:CD
0	vdw	A:ASN:17:O	A:ILE:59:CA
0	vdw	A:ASN:17:O	A:ILE:59:CG2
0	vdw	A:ASN:17:O	A:PRO:60:CD
0	vdw	A:PHE:58:O	A:VAL:18:CG1
0	vdw	A:PHE:58:O	A:VAL:18:CA
0	vdw	A:PHE:58:O	A:VAL:18:C
0	vdw	A:ILE:19:N	A:PHE:58:O
0	vdw	A:ALA:88:O	A:PHE:16:N
0	vdw	A:ALA:88:O	A:PHE:16:CD2
0	vdw	A:LEU:39:C	A:PHE:3:CE2
0	vdw	A:ALA:33:CB	A:PHE:3:CD2
0	vdw	A:ALA:33:CB	A:PHE:3:CE2
0	vdw	A:ALA:33:CB	A:PHE:58:CZ
0	vdw	A:ASN:17:CA	A:VAL:86:O
0	vdw	A:ARG:87:CA	A:PHE:16:O
0	vdw	A:ARG:87:C	A:PHE:16:O
0	vdw	A:ALA:88:N	A:PHE:16:O
0	vdw	A:ALA:88:CA	A:PHE:16:O
0	vdw	A:ALA:88:O	A:PHE:16:O
0	vdw	A:ARG:87:NE	A:ASP:15:CG
0	vdw	A:ARG:87:NH2	A:ASP:15:CG
0	vdw	A:ARG:87:NE	A:ASP:15:OD1
0	vdw	A:ARG:87:NE	A:ASP:15:OD2
0	vdw	A:ARG:87:CZ	A:ASP:15:OD2
0	vdw	A:ARG:87:NH2	A:ASP:15:OD2
0	vdw	A:ARG:87:CG	A:ASP:15:OD1
0	vdw	A:LEU:39:N	A:PHE:3:CE2
0	vdw	A:ARG:87:CD	A:HIS:111:CB
0	vdw	A:ARG:87:CZ	A:HIS:111:CE1
0	vdw	A:ARG:87:NE	A:HIS:111:ND1
0	vdw	A:ARG:87:CZ	A:HIS:111:ND1
0	vdw	A:ASP:98:OD1	A:GLY:101:N
0	vdw	A:ASP:98:O	A:GLY:101:N
0	vdw	A:ASP:98:O	A:GLY:101:CA
0	vdw	A:ASP:98:C	A:GLY:101:N
0	vdw	A:THR:97:CG2	A:VAL:102:CG2
0	vdw	A:ASP:98:OD1	A:SER:100:N
0	vdw	A:ASP:98:OD1	A:SER:100:CA
0	vdw	A:ASP:98:C	A:SER:100:N
0	vdw	A:ASP:98:CG	A:SER:100:N
0	vdw	A:GLU:99:C	A:GLY:101:N
0	vdw	A:ASP:98:O	A:SER:100:N
0	vdw	A:ASP:98:OD1	A:SER:100:C
0	vdw	A:ASP:98:OD1	A:GLY:101:O
0	vdw	A:ASP:103:N	A:GLY:101:O
0	vdw	A:GLY:101:O	A:THR:97:C
0	vdw	A:ASP:98:N	A:GLY:101:O
0	vdw	A:GLY:101:O	A:THR:97:CA
0	vdw	A:ASP:103:N	A:MET:96:O
0	vdw	A:ASP:103:CA	A:MET:96:O
0	vdw	A:THR:97:CG2	A:VAL:102:CA
0	vdw	A:ASP:103:OD1	A:LYS:105:NZ
0	vdw	A:ASP:103:C	A:MET:96:O
0	vdw	A:ALA:104:CB	A:MET:93:CE
0	vdw	A:ALA:104:CA	A:LEU:94:O
0	vdw	A:ALA:104:C	A:LEU:94:O
0	vdw	A:ALA:161:C	A:MET:93:SD
0	vdw	A:ALA:161:O	A:MET:93:SD
0	vdw	A:ALA:161:CB	A:MET:93:SD
0	vdw	A:ALA:162:N	A:ASP:160:C
0	vdw	A:ALA:161:CB	A:GLY:158:O
0	vdw	A:ALA:162:N	A:GLY:158:O
0	vdw	A:ALA:162:N	A:ILE:159:C
0	vdw	A:ALA:162:N	A:ILE:159:O
0	vdw	A:ALA:161:CB	A:ASP:157:CG
0	vdw	A:ALA:161:CB	A:ASP:157:OD2
0	vdw	A:ALA:161:N	A:ILE:159:C
0	vdw	A:ALA:161:N	A:ILE:159:O
0	vdw	A:ASP:160:N	A:GLY:158:C
0	vdw	A:ASP:160:N	A:GLY:158:O
0	vdw	A:ALA:161:N	A:GLY:158:O
0	vdw	A:ASP:71:CB	A:TYR:56:OH
0	vdw	A:ASP:71:CG	A:TYR:56:OH
0	vdw	A:ASP:71:OD2	A:TYR:56:OH
0	vdw	A:ASP:71:OD2	A:LYS:105:NZ
0	vdw	A:ASP:71:O	A:LEU:106:CB
0	vdw	A:ASP:71:O	A:LEU:106:N
0	vdw	A:ALA:162:CA	A:ILE:159:O
0	vdw	A:ALA:162:C	A:ILE:159:O
0	vdw	A:ALA:162:CB	A:ILE:159:O
0	vdw	A:ALA:162:CB	A:ALA:90:CB
0	vdw	A:HIS:163:CE1	A:ILE:159:CG2
0	vdw	A:ASP:43:CB	A:LYS:30:O
0	vdw	A:GLU:32:OE2	A:LYS:30:NZ
0	vdw	A:ASP:71:CA	A:GLY:57:O
0	vdw	A:GLY:57:O	A:VAL:72:N
0	vdw	A:GLY:57:O	A:VAL:72:O
0	vdw	A:ASP:71:OD1	A:TYR:56:OH
0	vdw	A:ALA:90:N	A:PHE:16:CE2
0	vdw	A:ARG:89:CA	A:PHE:16:CE2
0	vdw	A:ARG:89:C	A:PHE:16:CE2
0	vdw	A:GLU:32:N	A:VAL:41:O
0	vdw	A:GLU:32:O	A:VAL:41:O
0	vdw	A:GLU:32:O	A:VAL:41:CB
0	vdw	A:ASP:43:N	A:VAL:41:C
0	vdw	A:ASP:43:N	A:VAL:41:O
0	vdw	A:TYR:31:CA	A:VAL:41:O
0	vdw	A:TYR:31:C	A:VAL:41:O
0	vdw	A:GLU:21:OE2	A:GLU:32:CA
0	vdw	A:GLU:21:OE2	A:GLU:32:C
0	vdw	A:ALA:33:N	A:GLU:21:OE2
0	vdw	A:PHE:58:N	A:VAL:18:CG1
0	vdw	A:GLY:57:CA	A:ILE:19:O
0	vdw	A:GLY:57:C	A:ILE:19:O
0	vdw	A:ILE:19:O	A:PHE:58:N
0	vdw	A:PHE:16:CD1	A:VAL:18:CG2
0	vdw	A:PHE:16:CE1	A:VAL:18:CG2
0	vdw	A:ALA:88:CB	A:PHE:16:CE1
0	vdw	A:ALA:88:CB	A:VAL:109:O
0	vdw	A:ARG:89:CA	A:GLN:14:O
0	vdw	A:ARG:89:C	A:PHE:16:CZ
0	vdw	A:ALA:88:C	A:VAL:109:O
0	vdw	A:ARG:89:N	A:VAL:109:O
0	vdw	A:GLU:32:O	A:VAL:41:N
0	vdw	A:GLU:32:O	A:VAL:41:CA
0	vdw	A:GLY:83:N	A:ILE:20:O
0	vdw	A:GLY:83:CA	A:ILE:20:O
0	vdw	A:ALA:82:C	A:ILE:20:O
0	vdw	A:ILE:19:CA	A:SER:84:O
0	vdw	A:ILE:19:C	A:SER:84:O
0	vdw	A:ILE:20:N	A:SER:84:O
0	vdw	A:VAL:18:N	A:VAL:86:O
0	vdw	A:VAL:18:O	A:VAL:85:CA
0	vdw	A:VAL:18:O	A:VAL:85:C
0	vdw	A:VAL:18:O	A:VAL:86:N
0	vdw	A:ALA:88:N	A:VAL:86:O
0	vdw	A:ARG:87:O	A:PRO:110:CA
0	vdw	A:ARG:87:O	A:PRO:110:C
0	vdw	A:ARG:87:O	A:HIS:111:N
0	vdw	A:ALA:88:CA	A:VAL:109:O
0	vdw	A:ALA:82:CB	A:LEU:40:CD1
0	vdw	A:GLY:83:N	A:LEU:81:O
0	vdw	A:LEU:81:O	A:SER:84:N
0	vdw	A:LEU:81:O	A:SER:84:CB
0	vdw	A:ALA:82:C	A:SER:84:N
0	vdw	A:ALA:82:O	A:SER:84:N
0	vdw	A:HIS:111:CD2	A:LYS:113:N
0	vdw	A:HIS:111:CD2	A:LYS:113:CA
0	vdw	A:HIS:111:CD2	A:LYS:113:CB
0	vdw	A:HIS:111:CB	A:VAL:114:CG2
0	vdw	A:ASP:98:O	A:TRP:150:CZ2
0	vdw	A:GLU:99:CB	A:TRP:150:CD1
0	vdw	A:GLU:99:CA	A:TRP:150:NE1
0	vdw	A:GLU:99:CB	A:TRP:150:NE1
0	vdw	A:GLU:99:N	A:TRP:150:CE2
0	vdw	A:GLU:99:CA	A:TRP:150:CE2
0	vdw	A:GLU:99:CA	A:TRP:150:CZ2
0	vdw	A:ASP:98:C	A:TRP:150:CZ2
0	vdw	A:THR:97:O	A:TRP:150:CZ3
0	vdw	A:ASP:98:O	A:TRP:150:CH2
0	vdw	A:ASP:98:C	A:TRP:150:CH2
0	vdw	A:LYS:152:N	A:THR:97:O
0	vdw	A:LYS:152:O	A:THR:97:O
0	vdw	A:THR:97:O	A:VAL:151:CA
0	vdw	A:THR:97:O	A:VAL:151:C
0	vdw	A:GLU:154:OE2	A:THR:97:CB
0	vdw	A:GLU:154:OE2	A:THR:97:OG1
0	vdw	A:GLU:154:OE2	A:THR:97:CG2
0	vdw	A:LYS:147:O	A:LYS:149:N
0	vdw	A:GLU:99:CB	A:GLY:148:O
0	vdw	A:GLU:99:CG	A:GLY:148:O
0	vdw	A:GLU:99:CD	A:LYS:143:NZ
0	vdw	A:GLU:99:OE2	A:LYS:143:NZ
0	vdw	A:GLU:99:N	A:TRP:150:O
0	vdw	A:GLU:99:OE2	A:TRP:150:N
0	vdw	A:GLU:99:OE2	A:TRP:150:O
0	vdw	A:GLU:99:CD	A:LYS:149:CA
0	vdw	A:GLU:99:OE2	A:LYS:149:CA
0	vdw	A:ASP:98:CA	A:TRP:150:O
0	vdw	A:ASP:98:C	A:TRP:150:O
0	vdw	A:ASP:98:CB	A:TRP:150:O
0	vdw	A:ASP:103:O	A:MET:96:CA
0	vdw	A:ASP:103:O	A:MET:96:C
0	vdw	A:ASP:103:O	A:MET:96:O
0	vdw	A:ASP:103:O	A:MET:96:CB
0	vdw	A:LYS:152:O	A:MET:96:CA
0	vdw	A:LYS:152:O	A:MET:96:C
0	vdw	A:LYS:152:O	A:MET:96:CB
0	vdw	A:LYS:152:O	A:THR:97:N
0	vdw	A:GLY:155:O	A:LYS:95:N
0	vdw	A:GLY:155:O	A:LYS:95:CA
0	vdw	A:GLY:155:O	A:LYS:95:CB
0	vdw	A:GLU:99:OE1	A:LYS:149:CG
0	vdw	A:ARG:44:CD	A:LYS:149:NZ
0	vdw	A:ARG:44:CZ	A:LYS:149:NZ
0	vdw	A:GLU:146:OE1	A:LYS:149:CD
0	vdw	A:ARG:44:NE	A:LYS:149:NZ
0	vdw	A:GLU:146:OE1	A:LYS:149:NZ
0	vdw	A:GLU:99:CD	A:LYS:149:CG
0	vdw	A:GLU:146:CB	A:LYS:149:CD
0	vdw	A:GLU:99:OE1	A:LYS:143:NZ
0	vdw	A:ASP:98:OD2	A:LYS:143:NZ
0	vdw	A:ASP:103:OD2	A:LYS:105:CE
0	vdw	A:ASP:103:OD2	A:LYS:105:NZ
0	vdw	A:ASP:103:O	A:MET:96:CE
0	vdw	A:LYS:105:CG	A:MET:96:CE
0	vdw	A:LYS:105:CE	A:MET:96:CE
0	vdw	A:ASP:103:CG	A:LYS:105:NZ
0	vdw	A:ASP:103:O	A:MET:96:N
0	vdw	A:LEU:94:O	A:LYS:105:N
0	vdw	A:GLY:155:O	A:LEU:94:C
0	vdw	A:ASP:157:CB	A:MET:93:CG
0	vdw	A:ASP:157:O	A:MET:93:N
0	vdw	A:ASP:157:O	A:GLY:92:CA
0	vdw	A:ASP:157:O	A:GLY:92:C
0	vdw	A:GLY:158:O	A:GLY:92:CA
0	vdw	A:ASP:157:O	A:MET:93:O
0	vdw	A:ARG:44:CD	A:GLU:146:OE1
0	vdw	A:ARG:44:CZ	A:GLU:146:OE1
0	vdw	A:LYS:105:CD	A:TYR:56:OH
0	vdw	A:LYS:105:CE	A:TYR:56:OH
0	vdw	A:LYS:105:NZ	A:TYR:56:OH
0	vdw	A:LYS:105:CD	A:TYR:56:CE1
0	vdw	A:LYS:105:CD	A:PHE:139:CE1
0	vdw	A:LYS:105:CD	A:PHE:139:CZ
0	vdw	A:LYS:105:CE	A:PHE:139:CE1
0	vdw	A:LYS:105:O	A:MET:93:CA
0	vdw	A:LYS:105:O	A:MET:93:C
0	vdw	A:LYS:105:O	A:MET:93:CB
0	vdw	A:LEU:94:N	A:LYS:105:O
0	vdw	A:GLY:92:O	A:LEU:106:CA
0	vdw	A:GLY:92:O	A:VAL:107:N
0	vdw	A:ILE:159:CG1	A:LEU:91:C
0	vdw	A:ALA:90:C	A:GLY:92:N
0	vdw	A:GLY:92:N	A:VAL:107:O
0	vdw	A:ILE:124:N	A:LEU:91:C
0	vdw	A:GLY:158:C	A:GLY:92:CA
0	vdw	A:ILE:159:CG1	A:LEU:91:O
0	vdw	A:ALA:90:O	A:ILE:159:CG1
0	vdw	A:LEU:91:O	A:SER:123:CA
0	vdw	A:LEU:91:O	A:SER:123:C
0	vdw	A:ILE:124:N	A:LEU:91:O
0	vdw	A:ILE:124:CA	A:LEU:91:O
0	vdw	A:ILE:124:CB	A:LEU:91:O
0	vdw	A:ILE:159:CD1	A:LYS:122:O
0	vdw	A:ASP:43:CA	A:LYS:30:O
0	vdw	A:ARG:44:N	A:LYS:30:O
0	vdw	A:ARG:44:N	A:VAL:42:C
0	vdw	A:LYS:30:CE	A:TYR:52:OH
0	vdw	A:ARG:44:O	A:LYS:30:CB
0	vdw	A:TYR:52:CE1	A:TYR:56:CD2
0	vdw	A:TYR:56:CD1	A:VAL:72:O
0	vdw	A:LEU:73:CD2	A:TYR:56:CD1
0	vdw	A:TYR:52:CD1	A:TYR:56:CG
0	vdw	A:TYR:52:CE1	A:TYR:56:CG
0	vdw	A:LEU:106:O	A:VAL:72:CA
0	vdw	A:LEU:106:O	A:VAL:72:C
0	vdw	A:LEU:106:O	A:LEU:73:N
0	vdw	A:LEU:106:O	A:LEU:73:CA
0	vdw	A:LEU:106:O	A:LEU:73:CB
0	vdw	A:ASN:55:O	A:LEU:73:CA
0	vdw	A:ALA:108:CB	A:VAL:72:CG1
0	vdw	A:LEU:73:O	A:VAL:107:CA
0	vdw	A:LEU:73:O	A:VAL:107:C
0	vdw	A:ALA:108:N	A:LEU:73:O
0	vdw	A:ALA:108:CA	A:LEU:73:O
0	vdw	A:ALA:108:CA	A:ARG:89:O
0	vdw	A:LEU:91:N	A:VAL:107:O
0	vdw	A:LEU:91:CA	A:VAL:107:O
0	vdw	A:LEU:91:CB	A:VAL:107:O
0	vdw	A:VAL:29:CG1	A:VAL:42:CG1
0	vdw	A:ASP:43:N	A:LYS:30:O
0	vdw	A:GLU:21:CB	A:TYR:31:O
0	vdw	A:TYR:31:N	A:VAL:29:C
0	vdw	A:TYR:31:N	A:VAL:29:O
0	vdw	A:ILE:22:CD1	A:LYS:30:CA
0	vdw	A:ILE:22:CD1	A:TYR:52:CE2
0	vdw	A:ILE:22:CD1	A:TYR:52:CZ
0	vdw	A:TYR:56:CA	A:VAL:72:O
0	vdw	A:TYR:56:C	A:VAL:72:O
0	vdw	A:GLY:57:N	A:VAL:72:O
0	vdw	A:TYR:52:CD1	A:TYR:56:CB
0	vdw	A:TYR:52:CE1	A:TYR:56:CB
0	vdw	A:ALA:108:CB	A:ARG:89:O
0	vdw	A:ALA:108:C	A:ARG:89:O
0	vdw	A:ARG:89:O	A:VAL:109:N
0	vdw	A:ARG:89:O	A:VAL:109:O
0	vdw	A:ARG:89:NE	A:ASP:112:OD1
0	vdw	A:ARG:89:CZ	A:ASP:112:OD1
0	vdw	A:ARG:89:CZ	A:LEU:121:O
0	vdw	A:ARG:89:NH1	A:LEU:121:O
0	vdw	A:ARG:89:CG	A:VAL:109:CG2
0	vdw	A:ARG:89:CZ	A:VAL:109:CG2
0	vdw	A:ARG:89:NH1	A:LEU:91:CD2
0	vdw	A:TYR:31:CE1	A:VAL:42:CG2
0	vdw	A:TYR:31:CZ	A:VAL:29:CG1
0	vdw	A:TYR:31:CD2	A:VAL:29:O
0	vdw	A:ALA:82:CB	A:GLU:21:O
0	vdw	A:GLU:21:N	A:TYR:56:O
0	vdw	A:GLU:21:CA	A:TYR:56:O
0	vdw	A:ILE:22:N	A:TYR:56:O
0	vdw	A:ILE:20:CG1	A:LEU:80:CD1
0	vdw	A:ILE:20:CB	A:LEU:81:O
0	vdw	A:ILE:20:CD1	A:LEU:80:CD1
0	vdw	A:ASP:112:N	A:PRO:110:O
0	vdw	A:CYS:115:CB	A:PRO:110:CB
0	vdw	A:HIS:111:C	A:LYS:113:N
0	vdw	A:HIS:111:C	A:VAL:114:N
0	vdw	A:ALA:119:CA	A:ASP:112:OD1
0	vdw	A:ARG:89:NH2	A:ASP:112:OD1
0	vdw	A:ALA:119:CB	A:ASP:112:CG
0	vdw	A:ALA:82:N	A:LEU:80:O
0	vdw	A:LEU:81:C	A:SER:84:OG
0	vdw	A:LEU:81:O	A:SER:84:OG
0	vdw	A:LEU:81:CB	A:SER:84:OG
0	vdw	A:HIS:111:O	A:VAL:114:CA
0	vdw	A:HIS:111:O	A:VAL:114:C
0	vdw	A:HIS:111:O	A:VAL:114:CB
0	vdw	A:PRO:116:CD	A:VAL:114:C
0	vdw	A:HIS:111:O	A:LYS:113:N
0	vdw	A:HIS:111:O	A:VAL:114:N
0	vdw	A:ASP:112:C	A:VAL:114:N
0	vdw	A:CYS:115:N	A:HIS:111:O
0	vdw	A:CYS:115:N	A:LYS:113:C
0	vdw	A:LYS:95:O	A:VAL:153:C
0	vdw	A:GLY:155:N	A:VAL:153:C
0	vdw	A:GLU:154:N	A:LYS:95:O
0	vdw	A:GLU:154:CA	A:LYS:95:O
0	vdw	A:GLU:154:CB	A:LYS:95:O
0	vdw	A:GLU:146:O	A:GLY:148:N
0	vdw	A:GLU:146:O	A:LYS:149:N
0	vdw	A:GLU:146:O	A:LYS:149:CB
0	vdw	A:LYS:147:C	A:LYS:149:N
0	vdw	A:PHE:139:O	A:VAL:151:CB
0	vdw	A:PHE:139:O	A:VAL:151:CG1
0	vdw	A:PHE:139:O	A:VAL:151:CG2
0	vdw	A:MET:96:CG	A:VAL:153:CA
0	vdw	A:MET:96:CG	A:VAL:153:CG2
0	vdw	A:GLY:155:N	A:LYS:95:O
0	vdw	A:MET:93:O	A:TRP:156:CA
0	vdw	A:PHE:139:CD1	A:TYR:142:CE2
0	vdw	A:MET:96:SD	A:PHE:139:CB
0	vdw	A:MET:96:SD	A:PHE:139:CG
0	vdw	A:LEU:94:CD1	A:TRP:156:CE3
0	vdw	A:LEU:94:CD1	A:TRP:156:CZ3
0	vdw	A:LEU:94:CD1	A:TRP:156:CD2
0	vdw	A:LEU:94:CD1	A:TRP:156:CE2
0	vdw	A:LEU:94:CD1	A:TRP:156:CZ2
0	vdw	A:LEU:94:CD1	A:TRP:156:CH2
0	vdw	A:MET:93:O	A:TRP:156:CE3
0	vdw	A:ILE:124:CD1	A:TRP:156:CE3
0	vdw	A:ILE:124:CD1	A:TRP:156:CZ3
0	vdw	A:MET:93:O	A:TRP:156:C
0	vdw	A:ASP:157:N	A:MET:93:O
0	vdw	A:ARG:44:NE	A:GLU:146:CD
0	vdw	A:ARG:44:NE	A:GLU:146:OE1
0	vdw	A:GLU:146:OE2	A:GLY:47:N
0	vdw	A:GLU:146:OE2	A:GLY:47:CA
0	vdw	A:ARG:44:NH2	A:TYR:142:CE1
0	vdw	A:TYR:142:CE1	A:TYR:52:OH
0	vdw	A:PHE:138:CE2	A:TYR:142:CD1
0	vdw	A:PHE:138:CZ	A:TYR:142:CD1
0	vdw	A:PHE:138:O	A:TYR:142:CD2
0	vdw	A:PHE:139:CA	A:TYR:142:CD2
0	vdw	A:PHE:139:O	A:TYR:142:CD2
0	vdw	A:ILE:135:O	A:PHE:139:CD2
0	vdw	A:ILE:135:CG2	A:PHE:139:CD2
0	vdw	A:ILE:135:CG2	A:PHE:139:CE2
0	vdw	A:ASP:125:N	A:SER:123:C
0	vdw	A:ASP:125:N	A:SER:123:O
0	vdw	A:ASP:126:N	A:SER:123:O
0	vdw	A:ASP:126:CA	A:SER:123:O
0	vdw	A:ASP:126:CB	A:SER:123:O
0	vdw	A:ASP:125:N	A:SER:123:OG
0	vdw	A:GLY:47:N	A:PHE:45:O
0	vdw	A:ARG:44:O	A:LYS:30:N
0	vdw	A:ARG:44:C	A:ILE:46:N
0	vdw	A:ARG:44:O	A:ILE:46:N
0	vdw	A:ARG:44:O	A:LYS:30:CA
0	vdw	A:GLY:47:N	A:PHE:45:C
0	vdw	A:ILE:46:CG1	A:PRO:28:O
0	vdw	A:ILE:22:CG2	A:TYR:52:CD2
0	vdw	A:PHE:138:CZ	A:TYR:52:CD2
0	vdw	A:PHE:138:CZ	A:TYR:52:CE2
0	vdw	A:PHE:138:CZ	A:TYR:52:CZ
0	vdw	A:PHE:138:CE2	A:TYR:52:CD1
0	vdw	A:PHE:138:CE2	A:TYR:52:CE1
0	vdw	A:PHE:138:CE2	A:TYR:52:CZ
0	vdw	A:LEU:73:CD2	A:VAL:54:CG2
0	vdw	A:LEU:73:CB	A:VAL:54:CG2
0	vdw	A:ASN:55:O	A:LEU:73:C
0	vdw	A:ALA:108:O	A:LEU:73:O
0	vdw	A:LEU:91:CD1	A:VAL:127:CG2
0	vdw	A:LEU:91:CB	A:SER:123:C
0	vdw	A:ILE:124:N	A:LEU:91:CB
0	vdw	A:LEU:121:O	A:LEU:91:CD2
0	vdw	A:LEU:121:C	A:SER:123:N
0	vdw	A:ASP:126:OD2	A:SER:123:N
0	vdw	A:ASP:126:OD2	A:LYS:122:N
0	vdw	A:ASP:126:OD2	A:LYS:122:CA
0	vdw	A:ASP:126:OD2	A:LYS:122:C
0	vdw	A:ASP:126:OD2	A:LYS:122:CB
0	vdw	A:ASN:120:C	A:LYS:122:N
0	vdw	A:ASN:120:O	A:LYS:122:N
0	vdw	A:TYR:31:CE2	A:VAL:29:CB
0	vdw	A:TYR:31:CE2	A:VAL:29:CG1
0	vdw	A:ILE:22:CG2	A:SER:26:OG
0	vdw	A:ASN:55:CA	A:ILE:22:O
0	vdw	A:ASN:55:C	A:ILE:22:O
0	vdw	A:ILE:22:O	A:TYR:56:N
0	vdw	A:ASN:55:CA	A:VAL:74:O
0	vdw	A:ALA:24:N	A:ASN:55:CA
0	vdw	A:TYR:52:CB	A:VAL:54:O
0	vdw	A:ASN:55:N	A:VAL:74:O
0	vdw	A:ASN:55:O	A:VAL:74:N
0	vdw	A:ASN:55:CB	A:VAL:74:O
0	vdw	A:ASN:55:CG	A:VAL:74:O
0	vdw	A:ASN:55:ND2	A:VAL:74:O
0	vdw	A:ALA:24:CB	A:ASN:55:N
0	vdw	A:ALA:108:O	A:VAL:74:CA
0	vdw	A:ALA:108:O	A:VAL:74:C
0	vdw	A:ALA:108:O	A:ILE:75:N
0	vdw	A:ARG:89:NH2	A:VAL:109:CG2
0	vdw	A:THR:118:OG1	A:VAL:109:CB
0	vdw	A:THR:118:CB	A:VAL:109:CG1
0	vdw	A:ARG:89:NH2	A:THR:118:O
0	vdw	A:ARG:89:NH2	A:LEU:121:O
0	vdw	A:ALA:119:O	A:ARG:89:NH2
0	vdw	A:LEU:121:N	A:THR:118:O
0	vdw	A:LEU:121:CA	A:THR:118:O
0	vdw	A:LEU:121:CB	A:THR:118:O
0	vdw	A:ASN:120:N	A:THR:118:O
0	vdw	A:ALA:119:O	A:LYS:122:NZ
0	vdw	A:ALA:119:O	A:LEU:121:N
0	vdw	A:PHE:45:CE1	A:VAL:29:CG2
0	vdw	A:PRO:23:CD	A:SER:26:OG
0	vdw	A:LEU:80:O	A:PRO:23:CB
0	vdw	A:LEU:80:O	A:PRO:23:CG
0	vdw	A:ASN:55:OD1	A:PRO:23:CA
0	vdw	A:ALA:24:N	A:ASN:55:OD1
0	vdw	A:ASN:55:OD1	A:LEU:80:N
0	vdw	A:ASN:55:OD1	A:PRO:79:CA
0	vdw	A:ASN:55:ND2	A:THR:76:CG2
0	vdw	A:ASN:55:ND2	A:THR:76:OG1
0	vdw	A:ALA:24:N	A:ASN:55:CG
0	vdw	A:ILE:75:O	A:PRO:110:CD
0	vdw	A:PRO:110:CG	A:THR:76:CG2
0	vdw	A:PHE:78:O	A:THR:76:CB
0	vdw	A:PRO:110:CD	A:THR:118:OG1
0	vdw	A:CYS:115:CB	A:PRO:110:CG
0	vdw	A:CYS:115:CB	A:THR:118:OG1
0	vdw	A:CYS:115:SG	A:THR:118:OG1
0	vdw	A:CYS:115:O	A:THR:118:OG1
0	vdw	A:ALA:119:N	A:MET:117:C
0	vdw	A:ALA:119:N	A:PRO:116:O
0	vdw	A:ALA:119:CB	A:PRO:116:O
0	vdw	A:ALA:119:C	A:LEU:121:N
0	vdw	A:LEU:80:N	A:PHE:78:O
0	vdw	A:CYS:115:SG	A:MET:117:CB
0	vdw	A:CYS:115:SG	A:MET:117:SD
0	vdw	A:CYS:115:SG	A:PRO:77:CD
0	vdw	A:CYS:115:SG	A:THR:118:CG2
0	vdw	A:ASP:112:O	A:CYS:115:C
0	vdw	A:ASP:112:O	A:PRO:116:N
0	vdw	A:ASP:112:O	A:PRO:116:CA
0	vdw	A:ASP:112:O	A:PRO:116:CG
0	vdw	A:ASP:112:O	A:PRO:116:CD
0	vdw	A:CYS:115:C	A:MET:117:N
0	vdw	A:CYS:115:O	A:MET:117:N
0	vdw	A:CYS:115:O	A:THR:118:N
0	vdw	A:PRO:116:CD	A:VAL:114:O
0	vdw	A:GLU:140:CB	A:LYS:136:O
0	vdw	A:GLU:140:CA	A:HIS:137:O
0	vdw	A:GLU:140:C	A:HIS:137:O
0	vdw	A:GLU:140:CB	A:HIS:137:O
0	vdw	A:GLU:140:CG	A:VAL:153:CG2
0	vdw	A:GLU:140:CG	A:LYS:136:O
0	vdw	A:GLU:140:OE2	A:LYS:136:NZ
0	vdw	A:GLU:146:N	A:LYS:143:O
0	vdw	A:ALA:144:C	A:GLU:146:N
0	vdw	A:LEU:145:N	A:LYS:143:C
0	vdw	A:LEU:145:N	A:LYS:143:O
0	vdw	A:ALA:144:N	A:GLN:141:O
0	vdw	A:ALA:144:N	A:TYR:142:C
0	vdw	A:ALA:144:CA	A:GLN:141:O
0	vdw	A:GLN:141:C	A:LYS:143:N
0	vdw	A:GLN:141:O	A:LYS:143:N
0	vdw	A:PHE:138:O	A:TYR:142:N
0	vdw	A:GLN:141:C	A:MET:50:SD
0	vdw	A:MET:50:SD	A:TYR:142:N
0	vdw	A:THR:48:OG1	A:TYR:142:C
0	vdw	A:GLN:141:O	A:THR:48:CG2
0	vdw	A:ALA:144:CB	A:GLN:141:O
0	vdw	A:GLU:140:N	A:PHE:138:C
0	vdw	A:GLU:140:N	A:PHE:138:O
0	vdw	A:GLN:141:N	A:PHE:138:O
0	vdw	A:GLN:141:N	A:PHE:139:C
0	vdw	A:GLN:141:N	A:PHE:139:O
0	vdw	A:GLU:140:N	A:LYS:136:O
0	vdw	A:GLU:140:N	A:HIS:137:O
0	vdw	A:GLN:141:N	A:HIS:137:O
0	vdw	A:LYS:136:O	A:PHE:139:N
0	vdw	A:ILE:135:O	A:PHE:139:N
0	vdw	A:HIS:137:C	A:PHE:139:N
0	vdw	A:LYS:136:C	A:PHE:138:N
0	vdw	A:LYS:136:O	A:PHE:138:N
0	vdw	A:HIS:137:O	A:PHE:139:N
0	vdw	A:LYS:132:O	A:LYS:136:N
0	vdw	A:ASP:133:O	A:LYS:136:N
0	vdw	A:LYS:132:O	A:LYS:136:CB
0	vdw	A:GLN:134:C	A:LYS:136:N
0	vdw	A:GLN:134:O	A:LYS:136:N
0	vdw	A:LYS:132:CB	A:TRP:156:CZ2
0	vdw	A:LYS:132:O	A:TRP:156:CZ2
0	vdw	A:ILE:46:CG2	A:TYR:142:O
0	vdw	A:ILE:46:C	A:THR:48:N
0	vdw	A:ILE:46:O	A:THR:48:N
0	vdw	A:ILE:46:CG2	A:THR:48:OG1
0	vdw	A:GLY:47:C	A:GLY:49:N
0	vdw	A:PHE:138:CE2	A:TYR:142:CG
0	vdw	A:THR:48:OG1	A:TYR:142:CA
0	vdw	A:MET:50:SD	A:TYR:142:CA
0	vdw	A:THR:48:OG1	A:TYR:142:O
0	vdw	A:PHE:138:CE1	A:TYR:142:CB
0	vdw	A:PHE:138:CZ	A:TYR:142:CB
0	vdw	A:PHE:138:CZ	A:TYR:142:CG
0	vdw	A:PHE:138:O	A:TYR:142:CA
0	vdw	A:PHE:138:O	A:TYR:142:CB
0	vdw	A:PHE:138:O	A:TYR:142:CG
0	vdw	A:THR:48:CG2	A:TYR:142:O
0	vdw	A:ILE:135:O	A:PHE:138:CA
0	vdw	A:ARG:51:C	A:PHE:138:CD1
0	vdw	A:PHE:138:CG	A:PRO:53:CD
0	vdw	A:GLN:134:O	A:PHE:138:CA
0	vdw	A:ARG:51:O	A:PHE:138:CD1
0	vdw	A:ILE:135:O	A:PHE:138:CB
0	vdw	A:ILE:135:O	A:PHE:138:N
0	vdw	A:GLN:134:O	A:PHE:138:CB
0	vdw	A:HIS:137:N	A:ILE:135:O
0	vdw	A:ILE:135:CB	A:LEU:131:O
0	vdw	A:ILE:135:CG1	A:LEU:131:O
0	vdw	A:ILE:135:CD1	A:LEU:131:O
0	vdw	A:ILE:135:CB	A:LYS:132:O
0	vdw	A:HIS:137:N	A:ILE:135:C
0	vdw	A:ASP:126:N	A:ILE:124:O
0	vdw	A:ILE:124:O	A:VAL:127:CB
0	vdw	A:ILE:124:O	A:VAL:127:CG2
0	vdw	A:ILE:124:O	A:LYS:132:CE
0	vdw	A:ILE:124:O	A:VAL:127:N
0	vdw	A:ILE:124:O	A:LYS:132:NZ
0	vdw	A:ASP:126:N	A:ILE:124:C
0	vdw	A:ASP:125:C	A:VAL:127:N
0	vdw	A:ILE:46:N	A:PRO:28:O
0	vdw	A:ILE:46:CB	A:PRO:28:O
0	vdw	A:GLY:49:N	A:ILE:46:O
0	vdw	A:ILE:46:CD1	A:MET:50:O
0	vdw	A:ARG:51:C	A:PHE:138:CE1
0	vdw	A:ARG:51:C	A:PRO:53:N
0	vdw	A:ARG:51:O	A:PHE:138:CE1
0	vdw	A:MET:50:C	A:PHE:138:CE1
0	vdw	A:MET:50:CB	A:PHE:138:CE1
0	vdw	A:ARG:51:O	A:PRO:53:N
0	vdw	A:ARG:51:O	A:PRO:53:CD
0	vdw	A:ASP:126:C	A:LEU:121:CD2
0	vdw	A:ASP:126:CB	A:LEU:121:CD2
0	vdw	A:GLU:27:C	A:VAL:29:N
0	vdw	A:GLU:27:O	A:VAL:29:N
0	vdw	A:MET:50:O	A:PRO:28:CB
0	vdw	A:GLY:49:CA	A:PRO:28:CB
0	vdw	A:GLY:49:C	A:PRO:28:CB
0	vdw	A:GLY:49:O	A:PRO:28:CB
0	vdw	A:PRO:28:N	A:SER:26:O
0	vdw	A:ARG:51:CG	A:SER:26:O
0	vdw	A:ARG:51:CD	A:SER:26:O
0	vdw	A:ARG:51:CB	A:SER:26:O
0	vdw	A:GLN:25:N	A:TYR:52:O
0	vdw	A:TYR:52:C	A:VAL:54:N
0	vdw	A:TYR:52:O	A:VAL:54:N
0	vdw	A:ALA:24:CA	A:TYR:52:O
0	vdw	A:ALA:24:C	A:TYR:52:O
0	vdw	A:ALA:24:CA	A:VAL:54:C
0	vdw	A:ALA:24:CB	A:VAL:54:C
0	vdw	A:GLN:25:CA	A:TYR:52:O
0	vdw	A:ASP:126:O	A:LEU:121:CD2
0	vdw	A:ARG:51:NH1	A:SER:26:C
0	vdw	A:ARG:51:NH1	A:GLU:27:N
0	vdw	A:ARG:51:CZ	A:GLU:27:CA
0	vdw	A:PRO:23:O	A:SER:26:N
0	vdw	A:PRO:23:O	A:SER:26:CB
0	vdw	A:PRO:23:O	A:SER:26:OG
0	vdw	A:ALA:24:C	A:SER:26:N
0	vdw	A:ALA:24:O	A:SER:26:N
0	vdw	A:GLN:25:N	A:PRO:23:O
0	vdw	A:ALA:24:O	A:PRO:79:CB
0	vdw	A:ALA:24:O	A:PRO:79:CG
0	vdw	A:ALA:24:CB	A:VAL:54:CA
0	vdw	A:PHE:78:C	A:THR:76:OG1
0	vdw	A:PHE:78:O	A:THR:76:OG1
0	vdw	A:PHE:78:N	A:THR:76:C
0	vdw	A:PHE:78:N	A:THR:76:O
0	vdw	A:ASN:120:N	A:THR:118:C
0	vdw	A:PRO:116:C	A:THR:118:N
0	vdw	A:PRO:116:O	A:THR:118:N
0	vdw	A:GLU:140:CD	A:LYS:136:NZ
0	vdw	A:GLU:140:OE1	A:LYS:136:NZ
0	vdw	A:GLY:47:O	A:LEU:145:CD1
0	vdw	A:ALA:144:CB	A:THR:48:CG2
0	vdw	A:GLN:141:CB	A:HIS:137:O
0	vdw	A:GLN:141:CG	A:HIS:137:O
0	vdw	A:GLN:141:CG	A:HIS:137:NE2
0	vdw	A:ASP:133:O	A:HIS:137:N
0	vdw	A:ASP:133:O	A:HIS:137:CB
0	vdw	A:GLN:134:O	A:HIS:137:N
0	vdw	A:GLN:134:N	A:LYS:132:O
0	vdw	A:ILE:135:N	A:LYS:132:O
0	vdw	A:ASP:133:C	A:ILE:135:N
0	vdw	A:ALA:129:O	A:ASP:133:CA
0	vdw	A:GLY:47:O	A:GLY:49:N
0	vdw	A:MET:50:CG	A:THR:48:CB
0	vdw	A:MET:50:N	A:THR:48:C
0	vdw	A:MET:50:N	A:THR:48:O
0	vdw	A:MET:50:CB	A:THR:48:OG1
0	vdw	A:MET:50:CG	A:THR:48:OG1
0	vdw	A:MET:50:SD	A:THR:48:OG1
0	vdw	A:MET:50:N	A:THR:48:OG1
0	vdw	A:GLN:141:CB	A:MET:50:SD
0	vdw	A:HIS:137:CE1	A:MET:50:CE
0	vdw	A:GLN:134:O	A:PHE:138:N
0	vdw	A:GLN:134:N	A:LEU:131:O
0	vdw	A:GLN:134:CA	A:LEU:131:O
0	vdw	A:GLN:134:C	A:LEU:131:O
0	vdw	A:GLN:134:CB	A:LEU:131:O
0	vdw	A:ILE:135:N	A:LEU:131:O
0	vdw	A:ASP:133:N	A:LEU:131:O
0	vdw	A:GLN:134:N	A:LYS:132:C
0	vdw	A:GLN:134:N	A:TYR:130:O
0	vdw	A:GLN:134:CB	A:TYR:130:O
0	vdw	A:ASP:133:N	A:LEU:131:C
0	vdw	A:LYS:132:N	A:PRO:128:O
0	vdw	A:ALA:129:O	A:LYS:132:N
0	vdw	A:LYS:132:N	A:TYR:130:C
0	vdw	A:ALA:129:O	A:LYS:132:CA
0	vdw	A:ALA:129:O	A:LYS:132:C
0	vdw	A:ALA:129:O	A:LYS:132:CB
0	vdw	A:ALA:129:O	A:ASP:133:N
0	vdw	A:ASP:133:N	A:TYR:130:O
0	vdw	A:LYS:132:CE	A:VAL:127:O
0	vdw	A:ALA:129:N	A:VAL:127:O
0	vdw	A:PRO:128:C	A:TYR:130:N
0	vdw	A:PRO:128:O	A:TYR:130:N
0	vdw	A:LEU:131:N	A:PRO:128:O
0	vdw	A:GLY:49:CA	A:PRO:28:CG
0	vdw	A:LEU:131:CA	A:PRO:128:O
0	vdw	A:LEU:131:CB	A:PRO:128:O
0	vdw	A:ASP:126:O	A:PRO:128:N
0	vdw	A:ASP:126:O	A:PRO:128:CD
0	vdw	A:GLY:49:C	A:PRO:28:CG
0	vdw	A:GLY:49:O	A:PRO:28:CG
0	vdw	A:ARG:51:CD	A:GLN:25:C
0	vdw	A:ARG:51:CD	A:GLN:25:O
0	vdw	A:ARG:51:NH2	A:GLU:27:CG
0	vdw	A:ARG:51:NH1	A:GLN:25:O
0	vdw	A:ASP:133:CB	A:TYR:130:O
0	vdw	A:ALA:129:O	A:ASP:133:CB
0	vdw	A:ALA:129:O	A:ASP:133:CG
0	vdw	A:ALA:129:O	A:ASP:133:OD1
0	vdw	A:ALA:129:O	A:ASP:133:OD2
0	vdw	A:GLN:134:CG	A:TYR:130:O
0	vdw	A:ALA:129:C	A:LEU:131:N
0	vdw	A:ALA:129:O	A:LEU:131:N
0	vdw	A:PRO:128:CB	A:TYR:130:CD2
0	vdw	A:PRO:128:CB	A:TYR:130:CE2
